2003/06/24,09:31,104.827,104.827,104.736,104.739,30112.00,32571954.00
2003/06/24,09:32,104.756,104.756,104.756,104.756,30.00,30160.00
2003/06/24,09:33,104.745,104.745,104.745,104.745,52.00,58818.00
2003/06/24,09:34,104.745,104.745,104.745,104.745,0.00,0.00
2003/06/24,09:35,104.745,104.745,104.745,104.745,0.00,0.00
2003/06/24,09:36,104.745,104.745,104.745,104.745,6.00,7494.00
2003/06/24,09:37,104.745,104.745,104.745,104.745,10.00,11120.00
2003/06/24,09:38,104.745,104.745,104.745,104.745,0.00,0.00
2003/06/24,09:39,104.745,104.745,104.745,104.745,12.00,13774.00
2003/06/24,09:40,104.745,104.745,104.745,104.745,0.00,0.00
2003/06/24,09:41,104.745,104.771,104.745,104.771,204.00,217996.00
2003/06/24,09:42,104.772,104.772,104.772,104.772,80.00,82752.00
2003/06/24,09:43,104.773,104.773,104.773,104.773,22.00,24072.00
2003/06/24,09:44,104.773,104.773,104.773,104.773,70.00,79432.00
2003/06/24,09:45,104.773,104.773,104.771,104.773,120.00,130032.00
2003/06/24,09:46,104.773,104.773,104.773,104.773,0.00,0.00
2003/06/24,09:47,104.784,104.784,104.784,104.784,26.00,29510.00
2003/06/24,09:48,104.784,104.784,104.784,104.784,42.00,46546.00
2003/06/24,09:49,104.784,104.784,104.784,104.784,106.00,112204.00
2003/06/24,09:50,104.784,104.784,104.784,104.784,50.00,53614.00
2003/06/24,09:51,104.786,104.786,104.781,104.781,40.00,43266.00
2003/06/24,09:52,104.791,104.791,104.791,104.791,10.00,11126.00
2003/06/24,09:53,104.791,104.791,104.791,104.791,148.00,156814.00
2003/06/24,09:54,104.791,104.793,104.789,104.789,2058.00,2203724.00
2003/06/24,09:55,104.788,104.788,104.788,104.788,64.00,67536.00
2003/06/24,09:56,104.788,104.788,104.787,104.787,62.00,67840.00
2003/06/24,09:57,104.787,104.787,104.787,104.787,284.00,311964.00
2003/06/24,09:58,104.787,104.787,104.787,104.787,12.00,12612.00
2003/06/24,09:59,104.787,104.787,104.787,104.787,0.00,0.00
2003/06/24,10:00,104.791,104.791,104.791,104.791,10000.00,10731096.00
2003/06/24,10:01,104.791,104.791,104.791,104.791,28.00,29544.00
2003/06/24,10:02,104.791,104.791,104.791,104.791,178.00,189676.00
2003/06/24,10:03,104.787,104.787,104.787,104.787,12.00,12916.00
2003/06/24,10:04,104.787,104.787,104.775,104.775,76.00,86364.00
2003/06/24,10:05,104.775,104.775,104.775,104.775,20.00,22932.00
2003/06/24,10:06,104.835,104.835,104.835,104.835,20.00,22228.00
2003/06/24,10:07,104.837,104.837,104.837,104.837,10.00,11468.00
2003/06/24,10:08,104.837,104.837,104.836,104.836,20.00,22816.00
2003/06/24,10:09,104.836,104.836,104.833,104.833,380.00,503564.00
2003/06/24,10:10,104.818,104.818,104.818,104.818,4.00,4300.00
2003/06/24,10:11,104.813,104.813,104.812,104.812,68.00,72408.00
2003/06/24,10:12,104.812,104.812,104.812,104.812,0.00,0.00
2003/06/24,10:13,104.811,104.811,104.809,104.809,48.00,50812.00
2003/06/24,10:14,104.803,104.803,104.803,104.803,190.00,204916.00
2003/06/24,10:15,104.803,104.803,104.803,104.803,0.00,0.00
2003/06/24,10:16,104.806,104.806,104.802,104.802,42.00,48968.00
2003/06/24,10:17,104.802,104.802,104.802,104.802,20.00,21024.00
2003/06/24,10:18,104.816,104.816,104.816,104.816,10012.00,10777728.00
2003/06/24,10:19,104.816,104.816,104.816,104.816,5048.00,5434208.00
2003/06/24,10:20,104.817,104.817,104.817,104.817,4.00,3216.00
2003/06/24,10:21,104.816,104.817,104.816,104.817,144.00,160404.00
2003/06/24,10:22,104.817,104.823,104.817,104.823,110.00,125484.00
2003/06/24,10:23,104.833,104.833,104.833,104.833,50.00,54844.00
2003/06/24,10:24,104.833,104.833,104.833,104.833,4.00,5304.00
2003/06/24,10:25,104.829,104.829,104.829,104.829,8.00,7444.00
2003/06/24,10:26,104.829,104.829,104.829,104.829,32.00,34276.00
2003/06/24,10:27,104.834,104.834,104.834,104.834,26.00,27696.00
2003/06/24,10:28,104.834,104.834,104.831,104.831,84.00,89228.00
2003/06/24,10:29,104.830,104.830,104.830,104.830,40.00,42832.00
2003/06/24,10:30,104.824,104.824,104.824,104.824,2048.00,2205520.00
2003/06/24,10:31,104.824,104.824,104.824,104.824,0.00,0.00
2003/06/24,10:32,104.824,104.824,104.824,104.824,20.00,21024.00
2003/06/24,10:33,104.824,104.824,104.824,104.824,0.00,0.00
2003/06/24,10:34,104.824,104.825,104.824,104.825,4.00,4392.00
2003/06/24,10:35,104.827,104.827,104.827,104.827,90.00,98560.00
2003/06/24,10:36,104.827,104.827,104.826,104.826,23066.00,24731448.00
2003/06/24,10:37,104.826,104.826,104.826,104.826,32.00,37648.00
2003/06/24,10:38,104.826,104.826,104.826,104.826,2014.00,2157168.00
2003/06/24,10:39,104.826,104.826,104.826,104.826,0.00,0.00
2003/06/24,10:40,104.825,104.825,104.825,104.825,1000.00,1062304.00
2003/06/24,10:41,104.825,104.825,104.825,104.825,0.00,0.00
2003/06/24,10:42,104.824,104.824,104.824,104.824,100.00,107064.00
2003/06/24,10:43,104.822,104.822,104.822,104.822,144.00,157488.00
2003/06/24,10:44,104.822,104.822,104.822,104.822,0.00,0.00
2003/06/24,10:45,104.822,104.822,104.822,104.822,0.00,0.00
2003/06/24,10:46,104.827,104.827,104.827,104.827,38.00,41520.00
2003/06/24,10:47,104.827,104.827,104.827,104.827,2000.00,2141008.00
2003/06/24,10:48,104.827,104.827,104.827,104.827,30.00,33864.00
2003/06/24,10:49,104.827,104.827,104.827,104.827,28.00,28488.00
2003/06/24,10:50,104.826,104.826,104.826,104.826,10.00,11088.00
2003/06/24,10:51,104.823,104.823,104.823,104.823,20.00,22952.00
2003/06/24,10:52,104.823,104.823,104.823,104.823,30.00,31768.00
2003/06/24,10:53,104.824,104.824,104.824,104.824,10.00,11048.00
2003/06/24,10:54,104.824,104.824,104.824,104.824,0.00,0.00
2003/06/24,10:55,104.824,104.824,104.824,104.824,0.00,0.00
2003/06/24,10:56,104.823,104.823,104.823,104.823,62.00,67536.00
2003/06/24,10:57,104.819,104.819,104.819,104.819,104.00,114872.00
2003/06/24,10:58,104.823,104.823,104.823,104.823,14.00,15336.00
2003/06/24,10:59,104.823,104.823,104.823,104.823,6.00,5384.00
2003/06/24,11:00,104.825,104.825,104.825,104.825,20.00,20928.00
2003/06/24,11:01,104.821,104.821,104.821,104.821,2.00,2192.00
2003/06/24,11:02,104.819,104.819,104.818,104.818,74.00,84312.00
2003/06/24,11:03,104.818,104.818,104.818,104.818,10.00,11336.00
2003/06/24,11:04,104.822,104.822,104.822,104.822,500.00,538208.00
2003/06/24,11:05,104.822,104.822,104.819,104.821,176.00,195072.00
2003/06/24,11:06,104.821,104.821,104.821,104.821,0.00,0.00
2003/06/24,11:07,104.821,104.821,104.821,104.821,22.00,25568.00
2003/06/24,11:08,104.821,104.821,104.821,104.821,6.00,6664.00
2003/06/24,11:09,104.825,104.825,104.825,104.825,12.00,12048.00
2003/06/24,11:10,104.828,104.828,104.828,104.828,520.00,575672.00
2003/06/24,11:11,104.828,104.832,104.828,104.832,300.00,326280.00
2003/06/24,11:12,104.832,104.832,104.832,104.832,220.00,243144.00
2003/06/24,11:13,104.833,104.833,104.833,104.833,40.00,42824.00
2003/06/24,11:14,104.833,104.833,104.833,104.833,0.00,0.00
2003/06/24,11:15,104.834,104.834,104.834,104.834,50.00,53544.00
2003/06/24,11:16,104.834,104.834,104.834,104.834,0.00,0.00
2003/06/24,11:17,104.834,104.834,104.834,104.834,0.00,0.00
2003/06/24,11:18,104.834,104.834,104.834,104.834,24.00,25728.00
2003/06/24,11:19,104.834,104.836,104.834,104.836,954.00,1021952.00
2003/06/24,11:20,104.836,104.836,104.836,104.836,0.00,0.00
2003/06/24,11:21,104.836,104.836,104.836,104.836,0.00,0.00
2003/06/24,11:22,104.836,104.836,104.836,104.836,0.00,0.00
2003/06/24,11:23,104.837,104.837,104.837,104.837,14.00,16064.00
2003/06/24,11:24,104.836,104.836,104.836,104.836,1000.00,1070896.00
2003/06/24,11:25,104.836,104.836,104.836,104.836,0.00,0.00
2003/06/24,11:26,104.836,104.836,104.836,104.836,0.00,0.00
2003/06/24,11:27,104.836,104.836,104.836,104.836,0.00,0.00
2003/06/24,11:28,104.832,104.832,104.832,104.832,38.00,41040.00
2003/06/24,11:29,104.831,104.831,104.830,104.830,80.00,85192.00
2003/06/24,11:30,104.830,104.830,104.830,104.830,2000.00,2142000.00
2003/06/24,13:01,104.831,104.831,104.831,104.831,184.00,198728.00
2003/06/24,13:02,104.831,104.831,104.831,104.831,10.00,10720.00
2003/06/24,13:03,104.831,104.831,104.831,104.831,0.00,0.00
2003/06/24,13:04,104.831,104.831,104.831,104.831,4.00,4200.00
2003/06/24,13:05,104.831,104.831,104.831,104.831,6.00,6280.00
2003/06/24,13:06,104.831,104.831,104.831,104.831,0.00,0.00
2003/06/24,13:07,104.831,104.831,104.831,104.831,24.00,25704.00
2003/06/24,13:08,104.828,104.828,104.827,104.827,36.00,38656.00
2003/06/24,13:09,104.827,104.827,104.827,104.827,10.00,10512.00
2003/06/24,13:10,104.827,104.827,104.827,104.827,0.00,0.00
2003/06/24,13:11,104.818,104.818,104.818,104.818,10.00,10880.00
2003/06/24,13:12,104.818,104.818,104.818,104.818,12.00,13784.00
2003/06/24,13:13,104.818,104.818,104.818,104.818,6.00,5744.00
2003/06/24,13:14,104.818,104.818,104.815,104.815,120.00,132976.00
2003/06/24,13:15,104.815,104.817,104.815,104.817,70.00,76688.00
2003/06/24,13:16,104.817,104.817,104.817,104.817,262.00,280608.00
2003/06/24,13:17,104.817,104.817,104.817,104.817,0.00,0.00
2003/06/24,13:18,104.817,104.817,104.817,104.817,4.00,5352.00
2003/06/24,13:19,104.816,104.816,104.816,104.816,20.00,21760.00
2003/06/24,13:20,104.816,104.820,104.816,104.820,214.00,228160.00
2003/06/24,13:21,104.820,104.820,104.820,104.820,130.00,143056.00
2003/06/24,13:22,104.820,104.820,104.820,104.820,500.00,531152.00
2003/06/24,13:23,104.820,104.820,104.820,104.820,0.00,0.00
2003/06/24,13:24,104.820,104.820,104.820,104.820,0.00,0.00
2003/06/24,13:25,104.820,104.820,104.820,104.820,100.00,114752.00
2003/06/24,13:26,104.820,104.820,104.820,104.820,0.00,0.00
2003/06/24,13:27,104.820,104.820,104.820,104.820,0.00,0.00
2003/06/24,13:28,104.818,104.818,104.812,104.812,108.00,116072.00
2003/06/24,13:29,104.812,104.812,104.810,104.810,86.00,95248.00
2003/06/24,13:30,104.807,104.807,104.807,104.807,108.00,119640.00
2003/06/24,13:31,104.803,104.803,104.803,104.803,6.00,6424.00
2003/06/24,13:32,104.803,104.803,104.803,104.803,20.00,21600.00
2003/06/24,13:33,104.804,104.804,104.803,104.803,72.00,81184.00
2003/06/24,13:34,104.804,104.804,104.804,104.804,50.00,54552.00
2003/06/24,13:35,104.804,104.804,104.804,104.804,0.00,0.00
2003/06/24,13:36,104.799,104.799,104.799,104.799,100.00,107608.00
2003/06/24,13:37,104.799,104.799,104.799,104.799,22.00,22008.00
2003/06/24,13:38,104.799,104.799,104.799,104.799,32.00,35344.00
2003/06/24,13:39,104.799,104.799,104.799,104.799,46.00,48352.00
2003/06/24,13:40,104.800,104.800,104.800,104.800,188.00,200312.00
2003/06/24,13:41,104.800,104.800,104.800,104.800,50.00,55584.00
2003/06/24,13:42,104.800,104.800,104.800,104.800,10.00,10712.00
2003/06/24,13:43,104.800,104.800,104.799,104.799,84.00,93192.00
2003/06/24,13:44,104.799,104.799,104.799,104.799,50.00,53552.00
2003/06/24,13:45,104.799,104.799,104.799,104.799,144.00,161400.00
2003/06/24,13:46,104.799,104.799,104.799,104.799,0.00,0.00
2003/06/24,13:47,104.799,104.799,104.799,104.799,0.00,0.00
2003/06/24,13:48,104.799,104.799,104.799,104.799,0.00,0.00
2003/06/24,13:49,104.799,104.799,104.799,104.799,12.00,13768.00
2003/06/24,13:50,104.799,104.799,104.799,104.799,84.00,97576.00
2003/06/24,13:51,104.799,104.799,104.799,104.799,434.00,476352.00
2003/06/24,13:52,104.799,104.799,104.799,104.799,0.00,0.00
2003/06/24,13:53,104.799,104.799,104.799,104.799,14.00,15904.00
2003/06/24,13:54,104.799,104.799,104.799,104.799,0.00,0.00
2003/06/24,13:55,104.799,104.799,104.799,104.799,86.00,95272.00
2003/06/24,13:56,104.799,104.799,104.799,104.799,0.00,0.00
2003/06/24,13:57,104.799,104.799,104.799,104.799,0.00,0.00
2003/06/24,13:58,104.800,104.800,104.800,104.800,70.00,76384.00
2003/06/24,13:59,104.800,104.800,104.800,104.800,56.00,59296.00
2003/06/24,14:00,104.802,104.802,104.802,104.802,914.00,978720.00
2003/06/24,14:01,104.802,104.803,104.802,104.803,48.00,51944.00
2003/06/24,14:02,104.803,104.803,104.803,104.803,10.00,9784.00
2003/06/24,14:03,104.803,104.803,104.803,104.803,52.00,58384.00
2003/06/24,14:04,104.803,104.803,104.803,104.803,0.00,0.00
2003/06/24,14:05,104.803,104.803,104.803,104.803,60.00,63632.00
2003/06/24,14:06,104.803,104.803,104.803,104.803,20.00,20936.00
2003/06/24,14:07,104.803,104.803,104.803,104.803,2.00,3376.00
2003/06/24,14:08,104.803,104.803,104.803,104.803,24.00,25120.00
2003/06/24,14:09,104.803,104.803,104.803,104.803,0.00,0.00
2003/06/24,14:10,104.787,104.787,104.787,104.787,168.00,186120.00
2003/06/24,14:11,104.779,104.779,104.779,104.779,50000.00,54325008.00
2003/06/24,14:12,104.779,104.779,104.779,104.779,1040.00,1104352.00
2003/06/24,14:13,104.779,104.779,104.779,104.779,68.00,79488.00
2003/06/24,14:14,104.779,104.779,104.779,104.779,24.00,27216.00
2003/06/24,14:15,104.781,104.781,104.781,104.781,6.00,6656.00
2003/06/24,14:16,104.781,104.781,104.781,104.781,26.00,27888.00
2003/06/24,14:17,104.785,104.785,104.785,104.785,120.00,128640.00
2003/06/24,14:18,104.785,104.785,104.785,104.785,124.00,131728.00
2003/06/24,14:19,104.785,104.785,104.785,104.785,0.00,0.00
2003/06/24,14:20,104.785,104.785,104.785,104.785,360.00,385920.00
2003/06/24,14:21,104.785,104.785,104.785,104.785,0.00,0.00
2003/06/24,14:22,104.785,104.785,104.785,104.785,0.00,0.00
2003/06/24,14:23,104.785,104.785,104.785,104.785,32.00,34192.00
2003/06/24,14:24,104.785,104.785,104.785,104.785,0.00,0.00
2003/06/24,14:25,104.785,104.785,104.785,104.785,12.00,14048.00
2003/06/24,14:26,104.785,104.785,104.785,104.785,20000.00,21440000.00
2003/06/24,14:27,104.785,104.785,104.785,104.785,7002.00,7506160.00
2003/06/24,14:28,104.785,104.785,104.785,104.785,0.00,0.00
2003/06/24,14:29,104.785,104.785,104.785,104.785,28.00,29696.00
2003/06/24,14:30,104.785,104.785,104.785,104.785,6.00,5552.00
2003/06/24,14:31,104.785,104.785,104.785,104.785,0.00,0.00
2003/06/24,14:32,104.783,104.783,104.783,104.783,52.00,56768.00
2003/06/24,14:33,104.783,104.783,104.783,104.783,20.00,21584.00
2003/06/24,14:34,104.783,104.787,104.783,104.787,160.00,171408.00
2003/06/24,14:35,104.788,104.788,104.788,104.788,4.00,4592.00
2003/06/24,14:36,104.796,104.796,104.794,104.794,40.00,42160.00
2003/06/24,14:37,104.794,104.794,104.794,104.794,26.00,28016.00
2003/06/24,14:38,104.815,104.815,104.812,104.812,88.00,99312.00
2003/06/24,14:39,104.812,104.812,104.812,104.812,0.00,0.00
2003/06/24,14:40,104.812,104.812,104.812,104.812,74.00,80640.00
2003/06/24,14:41,104.810,104.810,104.810,104.810,16.00,16800.00
2003/06/24,14:42,104.812,104.812,104.812,104.812,22.00,23040.00
2003/06/24,14:43,104.812,104.812,104.811,104.811,48.00,50992.00
2003/06/24,14:44,104.811,104.811,104.811,104.811,0.00,0.00
2003/06/24,14:45,104.816,104.816,104.816,104.816,144.00,159936.00
2003/06/24,14:46,104.816,104.816,104.816,104.816,0.00,0.00
2003/06/24,14:47,104.816,104.816,104.813,104.813,2010.00,2135776.00
2003/06/24,14:48,104.813,104.813,104.813,104.813,0.00,0.00
2003/06/24,14:49,104.807,104.809,104.807,104.809,34.00,37408.00
2003/06/24,14:50,104.809,104.809,104.809,104.809,0.00,0.00
2003/06/24,14:51,104.809,104.810,104.809,104.810,68.00,84320.00
2003/06/24,14:52,104.814,104.814,104.814,104.814,62.00,68928.00
2003/06/24,14:53,104.814,104.814,104.814,104.814,0.00,0.00
2003/06/24,14:54,104.814,104.814,104.814,104.814,18.00,18288.00
2003/06/24,14:55,104.814,104.814,104.814,104.814,24.00,25712.00
2003/06/24,14:56,104.814,104.819,104.814,104.819,164.00,180992.00
2003/06/24,14:57,104.817,104.817,104.817,104.817,88.00,94736.00
2003/06/24,14:58,104.820,104.820,104.816,104.816,15000.00,16071008.00
2003/06/24,14:59,104.819,104.821,104.800,104.800,20142.00,21590832.00
2003/06/24,15:00,104.800,104.829,104.800,104.829,30096.00,32279632.00
2003/06/25,09:31,104.790,104.790,104.783,104.783,10.00,11113.00
2003/06/25,09:32,104.783,104.783,104.783,104.783,0.00,0.00
2003/06/25,09:33,104.783,104.783,104.783,104.783,0.00,0.00
2003/06/25,09:34,104.783,104.783,104.783,104.783,0.00,0.00
2003/06/25,09:35,104.783,104.783,104.783,104.783,0.00,0.00
2003/06/25,09:36,104.783,104.784,104.783,104.784,20006.00,21025236.00
2003/06/25,09:37,104.792,104.792,104.792,104.792,10000.00,11475000.00
2003/06/25,09:38,104.792,104.792,104.792,104.792,0.00,0.00
2003/06/25,09:39,104.792,104.792,104.792,104.792,10000.00,10792092.00
2003/06/25,09:40,104.794,104.801,104.788,104.788,15038.00,16187300.00
2003/06/25,09:41,104.788,104.788,104.788,104.788,0.00,0.00
2003/06/25,09:42,104.790,104.790,104.790,104.790,10026.00,11120044.00
2003/06/25,09:43,104.794,104.794,104.794,104.794,60.00,66736.00
2003/06/25,09:44,104.794,104.794,104.794,104.794,0.00,0.00
2003/06/25,09:45,104.805,104.805,104.805,104.805,140.00,160832.00
2003/06/25,09:46,104.805,104.805,104.804,104.804,34.00,39848.00
2003/06/25,09:47,104.803,104.803,104.803,104.803,4.00,4312.00
2003/06/25,09:48,104.802,104.802,104.798,104.798,50008.00,54352416.00
2003/06/25,09:49,104.797,104.797,104.797,104.797,8.00,8688.00
2003/06/25,09:50,104.802,104.802,104.802,104.802,4.00,4432.00
2003/06/25,09:51,104.802,104.802,104.802,104.802,26.00,28848.00
2003/06/25,09:52,104.802,104.802,104.802,104.802,42.00,46808.00
2003/06/25,09:53,104.802,104.802,104.802,104.802,0.00,0.00
2003/06/25,09:54,104.805,104.810,104.805,104.810,114.00,121464.00
2003/06/25,09:55,104.810,104.810,104.810,104.810,16.00,18760.00
2003/06/25,09:56,104.810,104.810,104.810,104.810,24.00,27016.00
2003/06/25,09:57,104.810,104.810,104.810,104.810,0.00,0.00
2003/06/25,09:58,104.809,104.809,104.809,104.809,40.00,41864.00
2003/06/25,09:59,104.802,104.802,104.802,104.802,34.00,35352.00
2003/06/25,10:00,104.804,104.804,104.802,104.802,52.00,59904.00
2003/06/25,10:01,104.804,104.804,104.804,104.804,6.00,6672.00
2003/06/25,10:02,104.804,104.804,104.804,104.804,16.00,16408.00
2003/06/25,10:03,104.805,104.805,104.805,104.805,12.00,14480.00
2003/06/25,10:04,104.799,104.799,104.799,104.799,106.00,112760.00
2003/06/25,10:05,104.805,104.805,104.805,104.805,104.00,115424.00
2003/06/25,10:06,104.805,104.805,104.799,104.799,34.00,36904.00
2003/06/25,10:07,104.799,104.799,104.799,104.799,56.00,60200.00
2003/06/25,10:08,104.799,104.799,104.798,104.798,2420.00,2659888.00
2003/06/25,10:09,104.796,104.796,104.796,104.796,10.00,10768.00
2003/06/25,10:10,104.794,104.794,104.794,104.794,24.00,26624.00
2003/06/25,10:11,104.794,104.794,104.794,104.794,0.00,0.00
2003/06/25,10:12,104.794,104.794,104.794,104.794,20.00,21880.00
2003/06/25,10:13,104.794,104.795,104.794,104.795,106.00,118240.00
2003/06/25,10:14,104.795,104.795,104.795,104.795,42.00,48800.00
2003/06/25,10:15,104.794,104.794,104.794,104.794,48.00,51552.00
2003/06/25,10:16,104.794,104.794,104.794,104.794,4.00,4304.00
2003/06/25,10:17,104.794,104.797,104.794,104.797,16.00,17720.00
2003/06/25,10:18,104.797,104.797,104.797,104.797,8.00,8488.00
2003/06/25,10:19,104.797,104.797,104.797,104.797,6.00,5736.00
2003/06/25,10:20,104.797,104.797,104.797,104.797,0.00,0.00
2003/06/25,10:21,104.793,104.793,104.793,104.793,10000.00,10710000.00
2003/06/25,10:22,104.793,104.793,104.793,104.793,96.00,110848.00
2003/06/25,10:23,104.797,104.797,104.793,104.793,142.00,161936.00
2003/06/25,10:24,104.797,104.797,104.797,104.797,26.00,30048.00
2003/06/25,10:25,104.797,104.797,104.797,104.797,6.00,5536.00
2003/06/25,10:26,104.801,104.801,104.801,104.801,10.00,11488.00
2003/06/25,10:27,104.801,104.801,104.801,104.801,0.00,0.00
2003/06/25,10:28,104.800,104.800,104.800,104.800,80.00,85408.00
2003/06/25,10:29,104.800,104.800,104.800,104.800,10.00,11488.00
2003/06/25,10:30,104.800,104.800,104.800,104.800,46.00,53984.00
2003/06/25,10:31,104.801,104.801,104.801,104.801,66.00,73840.00
2003/06/25,10:32,104.801,104.801,104.801,104.801,0.00,0.00
2003/06/25,10:33,104.801,104.801,104.801,104.801,66.00,76704.00
2003/06/25,10:34,104.801,104.802,104.801,104.802,3042.00,3270624.00
2003/06/25,10:35,104.802,104.802,104.802,104.802,4.00,5744.00
2003/06/25,10:36,104.802,104.802,104.802,104.802,14.00,14000.00
2003/06/25,10:37,104.802,104.803,104.802,104.803,62.00,70800.00
2003/06/25,10:38,104.803,104.803,104.803,104.803,10.00,11488.00
2003/06/25,10:39,104.803,104.803,104.803,104.803,0.00,0.00
2003/06/25,10:40,104.803,104.803,104.803,104.803,10.00,11088.00
2003/06/25,10:41,104.803,104.803,104.803,104.803,90.00,99856.00
2003/06/25,10:42,104.803,104.803,104.803,104.803,100.00,107664.00
2003/06/25,10:43,104.802,104.803,104.802,104.803,112.00,123728.00
2003/06/25,10:44,104.803,104.803,104.803,104.803,30.00,31328.00
2003/06/25,10:45,104.804,104.804,104.803,104.803,34.00,36944.00
2003/06/25,10:46,104.803,104.803,104.803,104.803,0.00,0.00
2003/06/25,10:47,104.803,104.806,104.803,104.806,30.00,32080.00
2003/06/25,10:48,104.806,104.806,104.805,104.805,42.00,46592.00
2003/06/25,10:49,104.805,104.805,104.805,104.805,0.00,0.00
2003/06/25,10:50,104.805,104.805,104.805,104.805,0.00,0.00
2003/06/25,10:51,104.804,104.804,104.804,104.804,30.00,32128.00
2003/06/25,10:52,104.804,104.804,104.803,104.803,82.00,86944.00
2003/06/25,10:53,104.802,104.802,104.802,104.802,80.00,89808.00
2003/06/25,10:54,104.802,104.802,104.802,104.802,10.00,11488.00
2003/06/25,10:55,104.802,104.802,104.802,104.802,104.00,111728.00
2003/06/25,10:56,104.802,104.802,104.802,104.802,0.00,0.00
2003/06/25,10:57,104.802,104.802,104.802,104.802,0.00,0.00
2003/06/25,10:58,104.801,104.801,104.801,104.801,16.00,16976.00
2003/06/25,10:59,104.801,104.802,104.801,104.802,26.00,27264.00
2003/06/25,11:00,104.800,104.800,104.800,104.800,1012.00,1123456.00
2003/06/25,11:01,104.800,104.800,104.800,104.800,16.00,18384.00
2003/06/25,11:02,104.800,104.800,104.800,104.800,18.00,20400.00
2003/06/25,11:03,104.800,104.800,104.800,104.800,0.00,0.00
2003/06/25,11:04,104.800,104.800,104.800,104.800,16.00,16736.00
2003/06/25,11:05,104.801,104.801,104.801,104.801,20.00,21888.00
2003/06/25,11:06,104.801,104.801,104.801,104.801,0.00,0.00
2003/06/25,11:07,104.801,104.801,104.801,104.801,106.00,109968.00
2003/06/25,11:08,104.801,104.801,104.801,104.801,50.00,53552.00
2003/06/25,11:09,104.796,104.796,104.796,104.796,4.00,5600.00
2003/06/25,11:10,104.796,104.796,104.796,104.796,4.00,3136.00
2003/06/25,11:11,104.798,104.798,104.798,104.798,40.00,45488.00
2003/06/25,11:12,104.798,104.798,104.798,104.798,0.00,0.00
2003/06/25,11:13,104.798,104.798,104.798,104.798,0.00,0.00
2003/06/25,11:14,104.798,104.798,104.798,104.798,10.00,10944.00
2003/06/25,11:15,104.798,104.798,104.798,104.798,2.00,1104.00
2003/06/25,11:16,104.798,104.798,104.798,104.798,60.00,64016.00
2003/06/25,11:17,104.798,104.798,104.798,104.798,0.00,0.00
2003/06/25,11:18,104.798,104.798,104.798,104.798,0.00,0.00
2003/06/25,11:19,104.798,104.798,104.798,104.798,84.00,89664.00
2003/06/25,11:20,104.798,104.798,104.798,104.798,10020.00,10731200.00
2003/06/25,11:21,104.798,104.798,104.798,104.798,0.00,0.00
2003/06/25,11:22,104.798,104.798,104.798,104.798,5100.00,5490160.00
2003/06/25,11:23,104.799,104.799,104.799,104.799,20.00,22976.00
2003/06/25,11:24,104.799,104.799,104.799,104.799,50.00,57424.00
2003/06/25,11:25,104.799,104.799,104.799,104.799,0.00,0.00
2003/06/25,11:26,104.799,104.799,104.799,104.799,0.00,0.00
2003/06/25,11:27,104.798,104.798,104.798,104.798,30.00,34048.00
2003/06/25,11:28,104.798,104.798,104.798,104.798,30.00,34448.00
2003/06/25,11:29,104.798,104.798,104.798,104.798,0.00,0.00
2003/06/25,11:30,104.797,104.797,104.796,104.796,270.00,292560.00
2003/06/25,13:01,104.795,104.799,104.795,104.799,682.00,739728.00
2003/06/25,13:02,104.799,104.799,104.799,104.799,0.00,0.00
2003/06/25,13:03,104.795,104.795,104.795,104.795,4.00,3216.00
2003/06/25,13:04,104.795,104.795,104.795,104.795,60.00,67344.00
2003/06/25,13:05,104.795,104.795,104.795,104.795,0.00,0.00
2003/06/25,13:06,104.795,104.795,104.795,104.795,0.00,0.00
2003/06/25,13:07,104.796,104.796,104.796,104.796,100.00,106016.00
2003/06/25,13:08,104.796,104.796,104.796,104.796,94.00,99376.00
2003/06/25,13:09,104.796,104.796,104.796,104.796,14.00,13664.00
2003/06/25,13:10,104.796,104.796,104.796,104.796,0.00,0.00
2003/06/25,13:11,104.796,104.796,104.796,104.796,0.00,0.00
2003/06/25,13:12,104.796,104.796,104.796,104.796,0.00,0.00
2003/06/25,13:13,104.795,104.795,104.795,104.795,134.00,148800.00
2003/06/25,13:14,104.795,104.795,104.795,104.795,1144.00,1229696.00
2003/06/25,13:15,104.795,104.795,104.795,104.795,28.00,30736.00
2003/06/25,13:16,104.795,104.795,104.795,104.795,40.00,45936.00
2003/06/25,13:17,104.795,104.795,104.795,104.795,20.00,21872.00
2003/06/25,13:18,104.795,104.795,104.795,104.795,0.00,0.00
2003/06/25,13:19,104.795,104.795,104.795,104.795,0.00,0.00
2003/06/25,13:20,104.795,104.795,104.795,104.795,0.00,0.00
2003/06/25,13:21,104.801,104.801,104.801,104.801,34.00,39600.00
2003/06/25,13:22,104.800,104.800,104.800,104.800,20.00,21200.00
2003/06/25,13:23,104.800,104.800,104.800,104.800,0.00,0.00
2003/06/25,13:24,104.800,104.800,104.799,104.799,10320.00,11053248.00
2003/06/25,13:25,104.799,104.799,104.799,104.799,2.00,2176.00
2003/06/25,13:26,104.799,104.804,104.799,104.804,12.00,13280.00
2003/06/25,13:27,104.804,104.804,104.804,104.804,18.00,19584.00
2003/06/25,13:28,104.804,104.804,104.804,104.804,48.00,51392.00
2003/06/25,13:29,104.805,104.805,104.805,104.805,22.00,26496.00
2003/06/25,13:30,104.805,104.805,104.805,104.805,0.00,0.00
2003/06/25,13:31,104.805,104.805,104.805,104.805,0.00,0.00
2003/06/25,13:32,104.804,104.804,104.804,104.804,114.00,127008.00
2003/06/25,13:33,104.804,104.804,104.804,104.804,100.00,110928.00
2003/06/25,13:34,104.804,104.805,104.804,104.805,216.00,240000.00
2003/06/25,13:35,104.805,104.805,104.805,104.805,20.00,22976.00
2003/06/25,13:36,104.805,104.805,104.805,104.805,0.00,0.00
2003/06/25,13:37,104.805,104.805,104.805,104.805,80.00,88128.00
2003/06/25,13:38,104.805,104.805,104.805,104.805,0.00,0.00
2003/06/25,13:39,104.805,104.805,104.805,104.805,0.00,0.00
2003/06/25,13:40,104.805,104.805,104.805,104.805,0.00,0.00
2003/06/25,13:41,104.805,104.805,104.805,104.805,80.00,84080.00
2003/06/25,13:42,104.805,104.805,104.805,104.805,0.00,0.00
2003/06/25,13:43,104.805,104.805,104.805,104.805,0.00,0.00
2003/06/25,13:44,104.805,104.805,104.804,104.804,32.00,34256.00
2003/06/25,13:45,104.805,104.805,104.805,104.805,6.00,6464.00
2003/06/25,13:46,104.806,104.806,104.806,104.806,4.00,3280.00
2003/06/25,13:47,104.806,104.806,104.806,104.806,0.00,0.00
2003/06/25,13:48,104.806,104.806,104.806,104.806,0.00,0.00
2003/06/25,13:49,104.806,104.806,104.806,104.806,0.00,0.00
2003/06/25,13:50,104.806,104.806,104.806,104.806,6.00,6720.00
2003/06/25,13:51,104.806,104.806,104.806,104.806,0.00,0.00
2003/06/25,13:52,104.806,104.806,104.806,104.806,0.00,0.00
2003/06/25,13:53,104.806,104.806,104.806,104.806,28.00,29616.00
2003/06/25,13:54,104.806,104.806,104.806,104.806,600.00,643680.00
2003/06/25,13:55,104.807,104.807,104.807,104.807,14.00,14224.00
2003/06/25,13:56,104.807,104.807,104.807,104.807,0.00,0.00
2003/06/25,13:57,104.808,104.808,104.808,104.808,20.00,22192.00
2003/06/25,13:58,104.808,104.808,104.808,104.808,8.00,9456.00
2003/06/25,13:59,104.808,104.808,104.808,104.808,436.00,467008.00
2003/06/25,14:00,104.808,104.808,104.808,104.808,1506.00,1614976.00
2003/06/25,14:01,104.808,104.808,104.808,104.808,32.00,35104.00
2003/06/25,14:02,104.808,104.808,104.808,104.808,30.00,32128.00
2003/06/25,14:03,104.808,104.808,104.808,104.808,138.00,146768.00
2003/06/25,14:04,104.808,104.809,104.808,104.809,92.00,104336.00
2003/06/25,14:05,104.809,104.809,104.809,104.809,10.00,11488.00
2003/06/25,14:06,104.809,104.809,104.809,104.809,3540.00,3811984.00
2003/06/25,14:07,104.809,104.809,104.808,104.808,306.00,327856.00
2003/06/25,14:08,104.808,104.808,104.807,104.807,12.00,13776.00
2003/06/25,14:09,104.807,104.810,104.807,104.810,64.00,72544.00
2003/06/25,14:10,104.810,104.810,104.810,104.810,4.00,4544.00
2003/06/25,14:11,104.807,104.807,104.807,104.807,1054.00,1168848.00
2003/06/25,14:12,104.806,104.806,104.806,104.806,2634.00,2835760.00
2003/06/25,14:13,104.804,104.804,104.804,104.804,30.00,31520.00
2003/06/25,14:14,104.804,104.804,104.804,104.804,10.00,10704.00
2003/06/25,14:15,104.804,104.804,104.804,104.804,0.00,0.00
2003/06/25,14:16,104.804,104.804,104.804,104.804,0.00,0.00
2003/06/25,14:17,104.804,104.805,104.804,104.805,72.00,77968.00
2003/06/25,14:18,104.805,104.805,104.805,104.805,1016.00,1093008.00
2003/06/25,14:19,104.805,104.809,104.805,104.809,3174.00,3414048.00
2003/06/25,14:20,104.809,104.809,104.809,104.809,6.00,5552.00
2003/06/25,14:21,104.809,104.809,104.809,104.809,10.00,11856.00
2003/06/25,14:22,104.808,104.808,104.808,104.808,126.00,134896.00
2003/06/25,14:23,104.808,104.808,104.808,104.808,6.00,6880.00
2003/06/25,14:24,104.810,104.810,104.810,104.810,18.00,18688.00
2003/06/25,14:25,104.810,104.810,104.810,104.810,210.00,225216.00
2003/06/25,14:26,104.812,104.812,104.812,104.812,4.00,4448.00
2003/06/25,14:27,104.812,104.812,104.812,104.812,30.00,32128.00
2003/06/25,14:28,104.812,104.812,104.812,104.812,0.00,0.00
2003/06/25,14:29,104.812,104.812,104.811,104.811,160.00,169616.00
2003/06/25,14:30,104.811,104.812,104.811,104.812,20.00,22304.00
2003/06/25,14:31,104.811,104.811,104.811,104.811,7000.00,7535504.00
2003/06/25,14:32,104.811,104.811,104.811,104.811,62.00,64976.00
2003/06/25,14:33,104.811,104.811,104.811,104.811,246.00,265744.00
2003/06/25,14:34,104.811,104.811,104.811,104.811,86.00,93168.00
2003/06/25,14:35,104.813,104.813,104.813,104.813,23124.00,24763856.00
2003/06/25,14:36,104.812,104.812,104.812,104.812,1190.00,1271008.00
2003/06/25,14:37,104.812,104.812,104.812,104.812,24.00,28064.00
2003/06/25,14:38,104.812,104.813,104.812,104.813,70.00,75056.00
2003/06/25,14:39,104.813,104.813,104.813,104.813,30.00,32128.00
2003/06/25,14:40,104.812,104.812,104.812,104.812,32.00,33024.00
2003/06/25,14:41,104.812,104.812,104.812,104.812,0.00,0.00
2003/06/25,14:42,104.812,104.812,104.811,104.811,24.00,27984.00
2003/06/25,14:43,104.810,104.811,104.810,104.811,5020.00,5377936.00
2003/06/25,14:44,104.811,104.811,104.811,104.811,0.00,0.00
2003/06/25,14:45,104.812,104.812,104.812,104.812,10.00,11088.00
2003/06/25,14:46,104.812,104.812,104.812,104.812,16.00,15904.00
2003/06/25,14:47,104.812,104.812,104.811,104.811,2042.00,2187488.00
2003/06/25,14:48,104.811,104.811,104.811,104.811,2012.00,2162176.00
2003/06/25,14:49,104.809,104.809,104.807,104.807,52.00,55520.00
2003/06/25,14:50,104.812,104.812,104.812,104.812,68.00,75216.00
2003/06/25,14:51,104.812,104.812,104.812,104.812,38.00,42336.00
2003/06/25,14:52,104.812,104.812,104.812,104.812,20.00,22240.00
2003/06/25,14:53,104.812,104.812,104.812,104.812,72.00,82048.00
2003/06/25,14:54,104.812,104.812,104.812,104.812,42.00,47808.00
2003/06/25,14:55,104.812,104.812,104.811,104.811,64.00,69296.00
2003/06/25,14:56,104.808,104.808,104.808,104.808,30.00,32208.00
2003/06/25,14:57,104.814,104.814,104.814,104.814,64.00,67456.00
2003/06/25,14:58,104.813,104.813,104.813,104.813,16.00,16656.00
2003/06/25,14:59,104.814,104.815,104.814,104.815,88.00,102112.00
2003/06/25,15:00,104.817,104.817,104.817,104.817,32.00,34320.00
2003/06/26,09:31,104.817,104.817,104.815,104.815,14.00,14936.00
2003/06/26,09:32,104.815,104.815,104.815,104.815,0.00,0.00
2003/06/26,09:33,104.836,104.836,104.831,104.832,51226.00,58982024.00
2003/06/26,09:34,104.830,104.830,104.830,104.830,12.00,14192.00
2003/06/26,09:35,104.830,104.830,104.830,104.830,44.00,47120.00
2003/06/26,09:36,104.830,104.830,104.830,104.830,6.00,5548.00
2003/06/26,09:37,104.830,104.830,104.830,104.830,0.00,0.00
2003/06/26,09:38,104.829,104.829,104.829,104.829,14.00,15188.00
2003/06/26,09:39,104.829,104.829,104.829,104.829,120.00,132432.00
2003/06/26,09:40,104.831,104.831,104.831,104.831,22.00,24212.00
2003/06/26,09:41,104.831,104.831,104.831,104.831,24.00,25908.00
2003/06/26,09:42,104.831,104.831,104.831,104.831,0.00,0.00
2003/06/26,09:43,104.826,104.826,104.826,104.826,34.00,38336.00
2003/06/26,09:44,104.826,104.826,104.826,104.826,112.00,119108.00
2003/06/26,09:45,104.827,104.827,104.827,104.827,6.00,5380.00
2003/06/26,09:46,104.827,104.827,104.827,104.827,0.00,0.00
2003/06/26,09:47,104.827,104.827,104.827,104.827,16.00,17200.00
2003/06/26,09:48,104.827,104.827,104.827,104.827,0.00,0.00
2003/06/26,09:49,104.825,104.825,104.825,104.825,50.00,57232.00
2003/06/26,09:50,104.825,104.825,104.825,104.825,20.00,22308.00
2003/06/26,09:51,104.828,104.828,104.828,104.828,40.00,43108.00
2003/06/26,09:52,104.828,104.832,104.828,104.832,36.00,38624.00
2003/06/26,09:53,104.831,104.831,104.830,104.830,96.00,102528.00
2003/06/26,09:54,104.830,104.830,104.830,104.830,10.00,10712.00
2003/06/26,09:55,104.798,104.799,104.798,104.799,54.00,59368.00
2003/06/26,09:56,104.799,104.799,104.791,104.791,30.00,33388.00
2003/06/26,09:57,104.791,104.791,104.791,104.791,18.00,18920.00
2003/06/26,09:58,104.791,104.791,104.791,104.791,30.00,33108.00
2003/06/26,09:59,104.791,104.791,104.791,104.791,24.00,26496.00
2003/06/26,10:00,104.791,104.791,104.791,104.791,292.00,314368.00
2003/06/26,10:01,104.791,104.791,104.791,104.791,70.00,76536.00
2003/06/26,10:02,104.791,104.791,104.791,104.791,2.00,3176.00
2003/06/26,10:03,104.791,104.791,104.791,104.791,364.00,402640.00
2003/06/26,10:04,104.790,104.790,104.790,104.790,10.00,10600.00
2003/06/26,10:05,104.790,104.790,104.790,104.790,4.00,5296.00
2003/06/26,10:06,104.790,104.790,104.790,104.790,24.00,26700.00
2003/06/26,10:07,104.791,104.791,104.791,104.791,10.00,10712.00
2003/06/26,10:08,104.791,104.791,104.791,104.791,16.00,17136.00
2003/06/26,10:09,104.790,104.790,104.790,104.790,24.00,24516.00
2003/06/26,10:10,104.790,104.790,104.790,104.790,2.00,3212.00
2003/06/26,10:11,104.790,104.790,104.790,104.790,0.00,0.00
2003/06/26,10:12,104.790,104.790,104.790,104.790,50.00,53108.00
2003/06/26,10:13,104.790,104.790,104.790,104.790,32.00,34108.00
2003/06/26,10:14,104.789,104.807,104.785,104.807,128.00,140388.00
2003/06/26,10:15,104.807,104.807,104.807,104.807,10.00,10348.00
2003/06/26,10:16,104.807,104.807,104.807,104.807,0.00,0.00
2003/06/26,10:17,104.807,104.807,104.807,104.807,0.00,0.00
2003/06/26,10:18,104.807,104.807,104.807,104.807,10.00,10596.00
2003/06/26,10:19,104.810,104.810,104.808,104.808,44.00,49576.00
2003/06/26,10:20,104.812,104.812,104.812,104.812,56.00,58328.00
2003/06/26,10:21,104.808,104.808,104.808,104.808,6.00,7340.00
2003/06/26,10:22,104.808,104.808,104.808,104.808,10.00,11496.00
2003/06/26,10:23,104.808,104.808,104.808,104.808,10.00,11500.00
2003/06/26,10:24,104.808,104.808,104.808,104.808,12.00,11836.00
2003/06/26,10:25,104.814,104.815,104.814,104.815,64.00,70220.00
2003/06/26,10:26,104.819,104.819,104.819,104.819,10.00,10380.00
2003/06/26,10:27,104.819,104.819,104.816,104.816,96.00,101280.00
2003/06/26,10:28,104.814,104.814,104.814,104.814,20.00,21552.00
2003/06/26,10:29,104.813,104.813,104.812,104.812,70.00,75164.00
2003/06/26,10:30,104.810,104.810,104.810,104.810,88.00,95900.00
2003/06/26,10:31,104.810,104.810,104.810,104.810,210.00,223592.00
2003/06/26,10:32,104.810,104.810,104.810,104.810,0.00,0.00
2003/06/26,10:33,104.800,104.800,104.800,104.800,54.00,58124.00
2003/06/26,10:34,104.800,104.800,104.800,104.800,100.00,107652.00
2003/06/26,10:35,104.799,104.799,104.799,104.799,74.00,78348.00
2003/06/26,10:36,104.799,104.799,104.799,104.799,24.00,27052.00
2003/06/26,10:37,104.799,104.799,104.795,104.795,790.00,848968.00
2003/06/26,10:38,104.797,104.797,104.788,104.788,40.00,43520.00
2003/06/26,10:39,104.788,104.788,104.788,104.788,30.00,32028.00
2003/06/26,10:40,104.789,104.789,104.789,104.789,582.00,629732.00
2003/06/26,10:41,104.789,104.789,104.789,104.789,40.00,44108.00
2003/06/26,10:42,104.787,104.787,104.787,104.787,28.00,31760.00
2003/06/26,10:43,104.787,104.787,104.787,104.787,0.00,0.00
2003/06/26,10:44,104.786,104.786,104.786,104.786,6.00,5544.00
2003/06/26,10:45,104.784,104.784,104.784,104.784,66.00,77784.00
2003/06/26,10:46,104.784,104.784,104.784,104.784,18.00,20224.00
2003/06/26,10:47,104.783,104.783,104.783,104.783,228.00,278128.00
2003/06/26,10:48,104.783,104.783,104.783,104.783,10.00,10588.00
2003/06/26,10:49,104.777,104.777,104.771,104.771,126.00,137388.00
2003/06/26,10:50,104.770,104.770,104.770,104.770,70.00,79072.00
2003/06/26,10:51,104.773,104.773,104.773,104.773,58.00,64116.00
2003/06/26,10:52,104.769,104.769,104.769,104.769,152.00,165964.00
2003/06/26,10:53,104.768,104.770,104.768,104.770,92.00,101124.00
2003/06/26,10:54,104.770,104.770,104.770,104.770,36.00,39368.00
2003/06/26,10:55,104.770,104.770,104.770,104.770,0.00,0.00
2003/06/26,10:56,104.769,104.769,104.769,104.769,200.00,213720.00
2003/06/26,10:57,104.769,104.769,104.769,104.769,10.00,10448.00
2003/06/26,10:58,104.768,104.768,104.768,104.768,48.00,53072.00
2003/06/26,10:59,104.768,104.768,104.768,104.768,100.00,107628.00
2003/06/26,11:00,104.772,104.772,104.772,104.772,48.00,53424.00
2003/06/26,11:01,104.768,104.768,104.768,104.768,102.00,109208.00
2003/06/26,11:02,104.769,104.769,104.769,104.769,116.00,128012.00
2003/06/26,11:03,104.769,104.769,104.769,104.769,10.00,11100.00
2003/06/26,11:04,104.768,104.768,104.768,104.768,46.00,49868.00
2003/06/26,11:05,104.770,104.770,104.770,104.770,208.00,223236.00
2003/06/26,11:06,104.770,104.770,104.770,104.770,10.00,10764.00
2003/06/26,11:07,104.766,104.766,104.766,104.766,3458.00,3832092.00
2003/06/26,11:08,104.774,104.774,104.774,104.774,40.00,45672.00
2003/06/26,11:09,104.774,104.774,104.774,104.774,14.00,15464.00
2003/06/26,11:10,104.771,104.771,104.771,104.771,110.00,122320.00
2003/06/26,11:11,104.771,104.771,104.771,104.771,2096.00,2255912.00
2003/06/26,11:12,104.773,104.773,104.773,104.773,14.00,16688.00
2003/06/26,11:13,104.771,104.771,104.771,104.771,2.00,2224.00
2003/06/26,11:14,104.769,104.769,104.769,104.769,16.00,16144.00
2003/06/26,11:15,104.769,104.769,104.769,104.769,10.00,10376.00
2003/06/26,11:16,104.769,104.769,104.769,104.769,226.00,241544.00
2003/06/26,11:17,104.769,104.769,104.769,104.769,48.00,51976.00
2003/06/26,11:18,104.769,104.769,104.767,104.767,6874.00,7617696.00
2003/06/26,11:19,104.767,104.767,104.767,104.767,6.00,7760.00
2003/06/26,11:20,104.767,104.767,104.767,104.767,114.00,121584.00
2003/06/26,11:21,104.768,104.768,104.768,104.768,12.00,13112.00
2003/06/26,11:22,104.768,104.768,104.768,104.768,0.00,0.00
2003/06/26,11:23,104.769,104.769,104.769,104.769,2.00,3176.00
2003/06/26,11:24,104.769,104.769,104.769,104.769,0.00,0.00
2003/06/26,11:25,104.769,104.769,104.769,104.769,0.00,0.00
2003/06/26,11:26,104.769,104.769,104.769,104.769,70.00,75328.00
2003/06/26,11:27,104.769,104.769,104.769,104.769,10.00,9552.00
2003/06/26,11:28,104.769,104.769,104.769,104.769,18.00,19056.00
2003/06/26,11:29,104.769,104.769,104.768,104.768,72.00,78600.00
2003/06/26,11:30,104.768,104.768,104.760,104.760,22.00,26352.00
2003/06/26,13:01,104.762,104.762,104.757,104.757,948.00,1035624.00
2003/06/26,13:02,104.757,104.757,104.757,104.757,80.00,106416.00
2003/06/26,13:03,104.757,104.757,104.754,104.754,304.00,341904.00
2003/06/26,13:04,104.754,104.754,104.754,104.754,20.00,20864.00
2003/06/26,13:05,104.755,104.755,104.755,104.755,80.00,86728.00
2003/06/26,13:06,104.755,104.755,104.755,104.755,0.00,0.00
2003/06/26,13:07,104.755,104.755,104.755,104.755,0.00,0.00
2003/06/26,13:08,104.755,104.755,104.755,104.755,56.00,59328.00
2003/06/26,13:09,104.755,104.755,104.755,104.755,16.00,18736.00
2003/06/26,13:10,104.755,104.755,104.755,104.755,10.00,10864.00
2003/06/26,13:11,104.755,104.755,104.755,104.755,26.00,27088.00
2003/06/26,13:12,104.755,104.755,104.755,104.755,0.00,0.00
2003/06/26,13:13,104.755,104.755,104.755,104.755,2.00,3224.00
2003/06/26,13:14,104.755,104.755,104.755,104.755,8.00,7520.00
2003/06/26,13:15,104.755,104.755,104.755,104.755,42.00,44576.00
2003/06/26,13:16,104.752,104.752,104.752,104.752,54.00,56720.00
2003/06/26,13:17,104.752,104.752,104.752,104.752,0.00,0.00
2003/06/26,13:18,104.749,104.749,104.749,104.749,2672.00,2877760.00
2003/06/26,13:19,104.749,104.749,104.749,104.749,24.00,27576.00
2003/06/26,13:20,104.749,104.749,104.749,104.749,0.00,0.00
2003/06/26,13:21,104.749,104.754,104.749,104.754,10058.00,11145472.00
2003/06/26,13:22,104.752,104.752,104.752,104.752,40.00,42344.00
2003/06/26,13:23,104.749,104.749,104.748,104.748,80.00,85632.00
2003/06/26,13:24,104.748,104.748,104.748,104.748,0.00,0.00
2003/06/26,13:25,104.748,104.748,104.748,104.748,80.00,85056.00
2003/06/26,13:26,104.748,104.748,104.748,104.748,10.00,10584.00
2003/06/26,13:27,104.745,104.745,104.745,104.745,20.00,21416.00
2003/06/26,13:28,104.745,104.745,104.745,104.745,680.00,726504.00
2003/06/26,13:29,104.746,104.746,104.742,104.742,122.00,131112.00
2003/06/26,13:30,104.742,104.742,104.742,104.742,56.00,59288.00
2003/06/26,13:31,104.742,104.743,104.742,104.743,30.00,34728.00
2003/06/26,13:32,104.741,104.741,104.741,104.741,10000.00,11080008.00
2003/06/26,13:33,104.741,104.741,104.741,104.741,50.00,55400.00
2003/06/26,13:34,104.741,104.741,104.741,104.741,14.00,17896.00
2003/06/26,13:35,104.741,104.741,104.741,104.741,0.00,0.00
2003/06/26,13:36,104.741,104.741,104.741,104.741,0.00,0.00
2003/06/26,13:37,104.741,104.741,104.741,104.741,206.00,232552.00
2003/06/26,13:38,104.741,104.741,104.741,104.741,2.00,3136.00
2003/06/26,13:39,104.741,104.741,104.741,104.741,20.00,22160.00
2003/06/26,13:40,104.741,104.741,104.741,104.741,10.00,10712.00
2003/06/26,13:41,104.735,104.735,104.735,104.735,10008.00,11082344.00
2003/06/26,13:42,104.733,104.733,104.733,104.733,110.00,122184.00
2003/06/26,13:43,104.733,104.733,104.733,104.733,24.00,26056.00
2003/06/26,13:44,104.733,104.733,104.733,104.733,0.00,0.00
2003/06/26,13:45,104.733,104.733,104.733,104.733,86.00,94312.00
2003/06/26,13:46,104.733,104.733,104.733,104.733,0.00,0.00
2003/06/26,13:47,104.732,104.732,104.732,104.732,20.00,21416.00
2003/06/26,13:48,104.732,104.732,104.732,104.732,184.00,197008.00
2003/06/26,13:49,104.731,104.731,104.731,104.731,80.00,90688.00
2003/06/26,13:50,104.731,104.731,104.731,104.731,10.00,10992.00
2003/06/26,13:51,104.732,104.732,104.732,104.732,20.00,21816.00
2003/06/26,13:52,104.732,104.732,104.732,104.732,30.00,32120.00
2003/06/26,13:53,104.732,104.732,104.732,104.732,16.00,17280.00
2003/06/26,13:54,104.728,104.728,104.728,104.728,12.00,13544.00
2003/06/26,13:55,104.728,104.728,104.728,104.728,2.00,3136.00
2003/06/26,13:56,104.729,104.729,104.728,104.728,156.00,170256.00
2003/06/26,13:57,104.727,104.727,104.727,104.727,6.00,5464.00
2003/06/26,13:58,104.728,104.728,104.727,104.727,240.00,252768.00
2003/06/26,13:59,104.696,104.696,104.696,104.696,52.00,55568.00
2003/06/26,14:00,104.696,104.696,104.696,104.696,30.00,31760.00
2003/06/26,14:01,104.698,104.698,104.698,104.698,4.00,4432.00
2003/06/26,14:02,104.698,104.698,104.696,104.696,4.00,4384.00
2003/06/26,14:03,104.696,104.696,104.696,104.696,58.00,64544.00
2003/06/26,14:04,104.699,104.699,104.699,104.699,32.00,33208.00
2003/06/26,14:05,104.703,104.703,104.702,104.702,174.00,190552.00
2003/06/26,14:06,104.700,104.700,104.700,104.700,68.00,74048.00
2003/06/26,14:07,104.702,104.703,104.702,104.703,116.00,124032.00
2003/06/26,14:08,104.703,104.703,104.703,104.703,68.00,71936.00
2003/06/26,14:09,104.703,104.703,104.703,104.703,24.00,28712.00
2003/06/26,14:10,104.707,104.707,104.707,104.707,50.00,52024.00
2003/06/26,14:11,104.707,104.707,104.707,104.707,338.00,358856.00
2003/06/26,14:12,104.707,104.708,104.707,104.708,14.00,15088.00
2003/06/26,14:13,104.707,104.707,104.707,104.707,2.00,3440.00
2003/06/26,14:14,104.711,104.711,104.710,104.711,156.00,171608.00
2003/06/26,14:15,104.711,104.711,104.711,104.711,0.00,0.00
2003/06/26,14:16,104.711,104.711,104.711,104.711,0.00,0.00
2003/06/26,14:17,104.711,104.711,104.711,104.711,0.00,0.00
2003/06/26,14:18,104.713,104.713,104.713,104.713,6.00,5296.00
2003/06/26,14:19,104.713,104.713,104.713,104.713,0.00,0.00
2003/06/26,14:20,104.713,104.713,104.713,104.713,2.00,3208.00
2003/06/26,14:21,104.714,104.714,104.714,104.714,4.00,3256.00
2003/06/26,14:22,104.714,104.714,104.714,104.714,2.00,2176.00
2003/06/26,14:23,104.714,104.714,104.714,104.714,16.00,17096.00
2003/06/26,14:24,104.714,104.714,104.714,104.714,0.00,0.00
2003/06/26,14:25,104.714,104.714,104.714,104.714,34.00,38072.00
2003/06/26,14:26,104.714,104.714,104.714,104.714,0.00,0.00
2003/06/26,14:27,104.711,104.714,104.711,104.714,34.00,38768.00
2003/06/26,14:28,104.719,104.719,104.718,104.718,1054.00,1131456.00
2003/06/26,14:29,104.717,104.717,104.716,104.716,110.00,126336.00
2003/06/26,14:30,104.716,104.716,104.716,104.716,28.00,29928.00
2003/06/26,14:31,104.716,104.716,104.716,104.716,2.00,1048.00
2003/06/26,14:32,104.716,104.716,104.716,104.716,30.00,36576.00
2003/06/26,14:33,104.715,104.715,104.715,104.715,2.00,3184.00
2003/06/26,14:34,104.715,104.715,104.715,104.715,0.00,0.00
2003/06/26,14:35,104.715,104.715,104.715,104.715,0.00,0.00
2003/06/26,14:36,104.715,104.715,104.714,104.714,16.00,16656.00
2003/06/26,14:37,104.716,104.716,104.716,104.716,50.00,52936.00
2003/06/26,14:38,104.717,104.717,104.717,104.717,28.00,30536.00
2003/06/26,14:39,104.714,104.714,104.714,104.714,22.00,24312.00
2003/06/26,14:40,104.714,104.714,104.714,104.714,86.00,90000.00
2003/06/26,14:41,104.714,104.720,104.714,104.720,64.00,69072.00
2003/06/26,14:42,104.720,104.720,104.720,104.720,2.00,2096.00
2003/06/26,14:43,104.720,104.720,104.720,104.720,20.00,23784.00
2003/06/26,14:44,104.720,104.720,104.718,104.718,238.00,270304.00
2003/06/26,14:45,104.718,104.718,104.718,104.718,100.00,113312.00
2003/06/26,14:46,104.718,104.718,104.715,104.715,244.00,269616.00
2003/06/26,14:47,104.717,104.717,104.717,104.717,50.00,56656.00
2003/06/26,14:48,104.717,104.717,104.717,104.717,0.00,0.00
2003/06/26,14:49,104.717,104.717,104.717,104.717,4.00,5664.00
2003/06/26,14:50,104.717,104.717,104.717,104.717,22.00,28864.00
2003/06/26,14:51,104.717,104.717,104.713,104.713,56.00,64752.00
2003/06/26,14:52,104.713,104.713,104.713,104.713,100.00,114856.00
2003/06/26,14:53,104.713,104.713,104.711,104.711,14.00,15624.00
2003/06/26,14:54,104.711,104.711,104.711,104.711,0.00,0.00
2003/06/26,14:55,104.711,104.711,104.711,104.711,0.00,0.00
2003/06/26,14:56,104.711,104.711,104.705,104.705,108.00,115256.00
2003/06/26,14:57,104.705,104.705,104.705,104.705,96.00,106304.00
2003/06/26,14:58,104.702,104.702,104.702,104.702,40.00,42224.00
2003/06/26,14:59,104.703,104.703,104.703,104.703,16.00,18872.00
2003/06/26,15:00,104.702,104.702,104.702,104.702,168.00,174712.00
2003/06/27,09:31,104.727,104.727,104.727,104.727,40.00,43942.00
2003/06/27,09:32,104.727,104.727,104.727,104.727,0.00,0.00
2003/06/27,09:33,104.727,104.727,104.727,104.727,28.00,29294.00
2003/06/27,09:34,104.711,104.724,104.711,104.724,274.00,302530.00
2003/06/27,09:35,104.724,104.724,104.724,104.724,0.00,0.00
2003/06/27,09:36,104.724,104.724,104.724,104.724,0.00,0.00
2003/06/27,09:37,104.724,104.724,104.724,104.724,24.00,26588.00
2003/06/27,09:38,104.724,104.726,104.724,104.726,130.00,142662.00
2003/06/27,09:39,104.696,104.696,104.695,104.695,16.00,18017.00
2003/06/27,09:40,104.695,104.695,104.695,104.695,62.00,69778.00
2003/06/27,09:41,104.695,104.695,104.695,104.695,150.00,160500.00
2003/06/27,09:42,104.695,104.695,104.695,104.695,24.00,25720.00
2003/06/27,09:43,104.690,104.690,104.670,104.670,200010.00,212211472.00
2003/06/27,09:44,104.670,104.670,104.670,104.670,40.00,45840.00
2003/06/27,09:45,104.670,104.670,104.663,104.663,20024.00,20886176.00
2003/06/27,09:46,104.660,104.660,104.660,104.660,38.00,39952.00
2003/06/27,09:47,104.661,104.661,104.661,104.661,16.00,18592.00
2003/06/27,09:48,104.662,104.662,104.662,104.662,2.00,1056.00
2003/06/27,09:49,104.662,104.662,104.662,104.662,0.00,0.00
2003/06/27,09:50,104.662,104.662,104.662,104.662,24.00,27904.00
2003/06/27,09:51,104.662,104.662,104.662,104.662,0.00,0.00
2003/06/27,09:52,104.662,104.662,104.662,104.662,0.00,0.00
2003/06/27,09:53,104.669,104.699,104.669,104.699,84.00,92416.00
2003/06/27,09:54,104.699,104.699,104.699,104.699,122.00,131232.00
2003/06/27,09:55,104.699,104.699,104.699,104.699,0.00,0.00
2003/06/27,09:56,104.699,104.699,104.699,104.699,70.00,77840.00
2003/06/27,09:57,104.699,104.699,104.699,104.699,32.00,35376.00
2003/06/27,09:58,104.699,104.699,104.696,104.696,140.00,157360.00
2003/06/27,09:59,104.696,104.696,104.696,104.696,0.00,0.00
2003/06/27,10:00,104.696,104.696,104.696,104.696,0.00,0.00
2003/06/27,10:01,104.696,104.696,104.696,104.696,0.00,0.00
2003/06/27,10:02,104.712,104.712,104.712,104.712,138.00,150624.00
2003/06/27,10:03,104.712,104.714,104.712,104.714,82.00,87104.00
2003/06/27,10:04,104.714,104.714,104.714,104.714,20.00,21776.00
2003/06/27,10:05,104.714,104.714,104.714,104.714,8.00,7568.00
2003/06/27,10:06,104.715,104.715,104.715,104.715,96.00,104544.00
2003/06/27,10:07,104.714,104.714,104.714,104.714,4.00,5296.00
2003/06/27,10:08,104.714,104.714,104.714,104.714,0.00,0.00
2003/06/27,10:09,104.714,104.714,104.714,104.714,0.00,0.00
2003/06/27,10:10,104.713,104.713,104.713,104.713,100.00,108656.00
2003/06/27,10:11,104.714,104.714,104.714,104.714,52.00,54832.00
2003/06/27,10:12,104.714,104.714,104.714,104.714,0.00,0.00
2003/06/27,10:13,104.714,104.714,104.712,104.712,206.00,220368.00
2003/06/27,10:14,104.698,104.698,104.698,104.698,14.00,14992.00
2003/06/27,10:15,104.698,104.701,104.698,104.701,120.00,133728.00
2003/06/27,10:16,104.697,104.697,104.697,104.697,96.00,104880.00
2003/06/27,10:17,104.697,104.697,104.697,104.697,10.00,11472.00
2003/06/27,10:18,104.697,104.697,104.690,104.690,46.00,48704.00
2003/06/27,10:19,104.693,104.693,104.693,104.693,14.00,16000.00
2003/06/27,10:20,104.688,104.688,104.688,104.688,10.00,10736.00
2003/06/27,10:21,104.690,104.690,104.689,104.689,18.00,18208.00
2003/06/27,10:22,104.689,104.689,104.689,104.689,16.00,18000.00
2003/06/27,10:23,104.683,104.683,104.683,104.683,110.00,119152.00
2003/06/27,10:24,104.682,104.682,104.682,104.682,8.00,7584.00
2003/06/27,10:25,104.682,104.682,104.682,104.682,10.00,10752.00
2003/06/27,10:26,104.682,104.682,104.682,104.682,38.00,44720.00
2003/06/27,10:27,104.686,104.686,104.686,104.686,16.00,15968.00
2003/06/27,10:28,104.700,104.700,104.700,104.700,38.00,42064.00
2003/06/27,10:29,104.700,104.700,104.700,104.700,0.00,0.00
2003/06/27,10:30,104.700,104.700,104.700,104.700,0.00,0.00
2003/06/27,10:31,104.699,104.704,104.699,104.704,12.00,12576.00
2003/06/27,10:32,104.704,104.704,104.704,104.704,22.00,25504.00
2003/06/27,10:33,104.704,104.704,104.704,104.704,8.00,7488.00
2003/06/27,10:34,104.704,104.704,104.703,104.703,72.00,77072.00
2003/06/27,10:35,104.703,104.703,104.703,104.703,0.00,0.00
2003/06/27,10:36,104.703,104.703,104.703,104.703,10.00,11488.00
2003/06/27,10:37,104.703,104.703,104.703,104.703,0.00,0.00
2003/06/27,10:38,104.703,104.703,104.703,104.703,2078.00,2303744.00
2003/06/27,10:39,104.703,104.703,104.703,104.703,500.00,554400.00
2003/06/27,10:40,104.703,104.703,104.703,104.703,0.00,0.00
2003/06/27,10:41,104.703,104.703,104.703,104.703,12.00,13024.00
2003/06/27,10:42,104.703,104.707,104.703,104.707,22.00,28400.00
2003/06/27,10:43,104.707,104.707,104.707,104.707,0.00,0.00
2003/06/27,10:44,104.707,104.707,104.700,104.700,56.00,60720.00
2003/06/27,10:45,104.700,104.700,104.700,104.700,120.00,131248.00
2003/06/27,10:46,104.701,104.701,104.701,104.701,18.00,20944.00
2003/06/27,10:47,104.701,104.701,104.701,104.701,6.00,6352.00
2003/06/27,10:48,104.712,104.712,104.708,104.708,4096.00,4409312.00
2003/06/27,10:49,104.708,104.708,104.708,104.708,4.00,4240.00
2003/06/27,10:50,104.707,104.707,104.707,104.707,22.00,21952.00
2003/06/27,10:51,104.707,104.707,104.707,104.707,430.00,477840.00
2003/06/27,10:52,104.707,104.708,104.707,104.708,36.00,36752.00
2003/06/27,10:53,104.704,104.708,104.704,104.708,46.00,50800.00
2003/06/27,10:54,104.708,104.708,104.704,104.704,98.00,108752.00
2003/06/27,10:55,104.704,104.704,104.704,104.704,26.00,28496.00
2003/06/27,10:56,104.705,104.705,104.705,104.705,996.00,1072560.00
2003/06/27,10:57,104.705,104.705,104.705,104.705,6.00,5664.00
2003/06/27,10:58,104.705,104.705,104.705,104.705,28.00,30496.00
2003/06/27,10:59,104.710,104.710,104.710,104.710,2.00,1040.00
2003/06/27,11:00,104.710,104.711,104.710,104.711,68.00,70912.00
2003/06/27,11:01,104.711,104.711,104.711,104.711,0.00,0.00
2003/06/27,11:02,104.711,104.711,104.711,104.711,0.00,0.00
2003/06/27,11:03,104.711,104.715,104.711,104.715,2100.00,2243280.00
2003/06/27,11:04,104.715,104.715,104.715,104.715,16.00,17168.00
2003/06/27,11:05,104.715,104.715,104.715,104.715,44.00,47488.00
2003/06/27,11:06,104.715,104.715,104.715,104.715,0.00,0.00
2003/06/27,11:07,104.715,104.715,104.715,104.715,90.00,93456.00
2003/06/27,11:08,104.715,104.715,104.715,104.715,0.00,0.00
2003/06/27,11:09,104.715,104.715,104.715,104.715,4.00,5664.00
2003/06/27,11:10,104.703,104.703,104.703,104.703,306.00,405936.00
2003/06/27,11:11,104.705,104.705,104.705,104.705,16.00,17056.00
2003/06/27,11:12,104.705,104.705,104.704,104.704,70.00,76688.00
2003/06/27,11:13,104.704,104.704,104.704,104.704,42.00,47584.00
2003/06/27,11:14,104.704,104.704,104.704,104.704,18.00,17728.00
2003/06/27,11:15,104.703,104.721,104.703,104.721,58.00,65184.00
2003/06/27,11:16,104.721,104.721,104.721,104.721,100.00,113280.00
2003/06/27,11:17,104.721,104.721,104.721,104.721,0.00,0.00
2003/06/27,11:18,104.720,104.720,104.720,104.720,14.00,13584.00
2003/06/27,11:19,104.721,104.721,104.721,104.721,82.00,93808.00
2003/06/27,11:20,104.721,104.721,104.720,104.721,76.00,95408.00
2003/06/27,11:21,104.721,104.721,104.721,104.721,30.00,31760.00
2003/06/27,11:22,104.717,104.717,104.717,104.717,8.00,8688.00
2003/06/27,11:23,104.717,104.718,104.717,104.718,144.00,157744.00
2003/06/27,11:24,104.718,104.718,104.718,104.718,38.00,40848.00
2003/06/27,11:25,104.716,104.716,104.716,104.716,54.00,56176.00
2003/06/27,11:26,104.715,104.715,104.715,104.715,70.00,79280.00
2003/06/27,11:27,104.715,104.715,104.715,104.715,0.00,0.00
2003/06/27,11:28,104.715,104.715,104.715,104.715,0.00,0.00
2003/06/27,11:29,104.715,104.715,104.715,104.715,0.00,0.00
2003/06/27,11:30,104.715,104.715,104.715,104.715,8.00,8688.00
2003/06/27,13:01,104.724,104.724,104.724,104.724,72.00,76944.00
2003/06/27,13:02,104.724,104.724,104.724,104.724,0.00,0.00
2003/06/27,13:03,104.724,104.724,104.724,104.724,0.00,0.00
2003/06/27,13:04,104.724,104.724,104.724,104.724,0.00,0.00
2003/06/27,13:05,104.724,104.724,104.724,104.724,58.00,63664.00
2003/06/27,13:06,104.724,104.724,104.724,104.724,0.00,0.00
2003/06/27,13:07,104.716,104.716,104.716,104.716,6.00,5184.00
2003/06/27,13:08,104.717,104.717,104.717,104.717,2.00,2096.00
2003/06/27,13:09,104.726,104.726,104.726,104.726,8.00,8384.00
2003/06/27,13:10,104.726,104.726,104.726,104.726,0.00,0.00
2003/06/27,13:11,104.726,104.726,104.726,104.726,0.00,0.00
2003/06/27,13:12,104.726,104.726,104.726,104.726,0.00,0.00
2003/06/27,13:13,104.727,104.727,104.727,104.727,106.00,122864.00
2003/06/27,13:14,104.727,104.727,104.727,104.727,152.00,166832.00
2003/06/27,13:15,104.727,104.727,104.727,104.727,0.00,0.00
2003/06/27,13:16,104.712,104.712,104.712,104.712,34.00,36560.00
2003/06/27,13:17,104.700,104.700,104.700,104.700,44.00,48384.00
2003/06/27,13:18,104.699,104.699,104.699,104.699,12.00,12544.00
2003/06/27,13:19,104.699,104.699,104.699,104.699,4.00,4000.00
2003/06/27,13:20,104.699,104.699,104.699,104.699,26.00,35920.00
2003/06/27,13:21,104.699,104.699,104.699,104.699,12.00,13296.00
2003/06/27,13:22,104.699,104.700,104.699,104.700,130.00,141920.00
2003/06/27,13:23,104.700,104.700,104.700,104.700,0.00,0.00
2003/06/27,13:24,104.700,104.700,104.700,104.700,0.00,0.00
2003/06/27,13:25,104.700,104.700,104.700,104.700,0.00,0.00
2003/06/27,13:26,104.700,104.700,104.700,104.700,0.00,0.00
2003/06/27,13:27,104.712,104.712,104.712,104.712,930.00,999600.00
2003/06/27,13:28,104.712,104.712,104.712,104.712,0.00,0.00
2003/06/27,13:29,104.712,104.712,104.712,104.712,238.00,255712.00
2003/06/27,13:30,104.710,104.710,104.710,104.710,24.00,25232.00
2003/06/27,13:31,104.710,104.710,104.710,104.710,22.00,25344.00
2003/06/27,13:32,104.710,104.710,104.710,104.710,62.00,82464.00
2003/06/27,13:33,104.710,104.710,104.710,104.710,8.00,9856.00
2003/06/27,13:34,104.709,104.709,104.709,104.709,28.00,31088.00
2003/06/27,13:35,104.709,104.709,104.709,104.709,40.00,44544.00
2003/06/27,13:36,104.709,104.709,104.709,104.709,0.00,0.00
2003/06/27,13:37,104.709,104.709,104.709,104.709,20.00,21712.00
2003/06/27,13:38,104.709,104.709,104.709,104.709,72.00,93216.00
2003/06/27,13:39,104.709,104.720,104.709,104.720,4228.00,4648032.00
2003/06/27,13:40,104.720,104.720,104.720,104.720,16.00,17264.00
2003/06/27,13:41,104.720,104.720,104.720,104.720,0.00,0.00
2003/06/27,13:42,104.720,104.720,104.720,104.720,10.00,10816.00
2003/06/27,13:43,104.720,104.720,104.720,104.720,0.00,0.00
2003/06/27,13:44,104.720,104.720,104.720,104.720,0.00,0.00
2003/06/27,13:45,104.721,104.721,104.721,104.721,24.00,25616.00
2003/06/27,13:46,104.722,104.722,104.722,104.722,540.00,580864.00
2003/06/27,13:47,104.722,104.722,104.721,104.721,246.00,263632.00
2003/06/27,13:48,104.721,104.721,104.721,104.721,66.00,69760.00
2003/06/27,13:49,104.721,104.721,104.721,104.721,58.00,61008.00
2003/06/27,13:50,104.721,104.721,104.721,104.721,148.00,165616.00
2003/06/27,13:51,104.721,104.721,104.721,104.721,0.00,0.00
2003/06/27,13:52,104.721,104.722,104.721,104.722,514.00,552912.00
2003/06/27,13:53,104.722,104.722,104.722,104.722,0.00,0.00
2003/06/27,13:54,104.722,104.722,104.722,104.722,14.00,15984.00
2003/06/27,13:55,104.722,104.722,104.722,104.722,0.00,0.00
2003/06/27,13:56,104.722,104.722,104.722,104.722,2000.00,2138368.00
2003/06/27,13:57,104.723,104.723,104.723,104.723,102.00,107056.00
2003/06/27,13:58,104.723,104.723,104.723,104.723,0.00,0.00
2003/06/27,13:59,104.723,104.723,104.723,104.723,0.00,0.00
2003/06/27,14:00,104.720,104.720,104.720,104.720,116.00,127184.00
2003/06/27,14:01,104.719,104.719,104.719,104.719,2.00,2288.00
2003/06/27,14:02,104.719,104.719,104.719,104.719,0.00,0.00
2003/06/27,14:03,104.719,104.719,104.719,104.719,10.00,10752.00
2003/06/27,14:04,104.719,104.719,104.719,104.719,0.00,0.00
2003/06/27,14:05,104.719,104.719,104.719,104.719,2.00,2144.00
2003/06/27,14:06,104.719,104.719,104.719,104.719,56.00,63104.00
2003/06/27,14:07,104.719,104.719,104.719,104.719,212.00,243120.00
2003/06/27,14:08,104.718,104.718,104.718,104.718,42.00,47568.00
2003/06/27,14:09,104.718,104.718,104.718,104.718,152.00,160880.00
2003/06/27,14:10,104.718,104.718,104.718,104.718,0.00,0.00
2003/06/27,14:11,104.721,104.721,104.721,104.721,42.00,46048.00
2003/06/27,14:12,104.721,104.721,104.721,104.721,54.00,58112.00
2003/06/27,14:13,104.722,104.722,104.722,104.722,18.00,18800.00
2003/06/27,14:14,104.722,104.722,104.722,104.722,20.00,21728.00
2003/06/27,14:15,104.722,104.722,104.722,104.722,0.00,0.00
2003/06/27,14:16,104.725,104.725,104.722,104.722,132.00,150448.00
2003/06/27,14:17,104.723,104.723,104.723,104.723,50.00,56640.00
2003/06/27,14:18,104.723,104.723,104.723,104.723,0.00,0.00
2003/06/27,14:19,104.722,104.722,104.722,104.722,10.00,10448.00
2003/06/27,14:20,104.722,104.722,104.722,104.722,100.00,112816.00
2003/06/27,14:21,104.728,104.728,104.728,104.728,10.00,11120.00
2003/06/27,14:22,104.728,104.728,104.728,104.728,0.00,0.00
2003/06/27,14:23,104.728,104.728,104.728,104.728,68.00,73520.00
2003/06/27,14:24,104.728,104.730,104.728,104.730,50.00,52544.00
2003/06/27,14:25,104.730,104.730,104.730,104.730,0.00,0.00
2003/06/27,14:26,104.730,104.730,104.730,104.730,1464.00,1565664.00
2003/06/27,14:27,104.730,104.730,104.730,104.730,0.00,0.00
2003/06/27,14:28,104.733,104.733,104.733,104.733,68.00,78432.00
2003/06/27,14:29,104.733,104.733,104.733,104.733,60.00,67584.00
2003/06/27,14:30,104.733,104.733,104.733,104.733,0.00,0.00
2003/06/27,14:31,104.737,104.737,104.737,104.737,2.00,1040.00
2003/06/27,14:32,104.737,104.737,104.737,104.737,0.00,0.00
2003/06/27,14:33,104.738,104.738,104.738,104.738,10.00,10768.00
2003/06/27,14:34,104.738,104.741,104.738,104.741,1166.00,1248464.00
2003/06/27,14:35,104.741,104.741,104.741,104.741,8.00,8688.00
2003/06/27,14:36,104.741,104.741,104.741,104.741,26.00,26800.00
2003/06/27,14:37,104.741,104.741,104.741,104.741,24.00,29184.00
2003/06/27,14:38,104.741,104.741,104.741,104.741,6.00,5344.00
2003/06/27,14:39,104.741,104.741,104.741,104.741,10.00,10448.00
2003/06/27,14:40,104.741,104.741,104.741,104.741,0.00,0.00
2003/06/27,14:41,104.741,104.741,104.741,104.741,10.00,10736.00
2003/06/27,14:42,104.740,104.740,104.740,104.740,84.00,97184.00
2003/06/27,14:43,104.740,104.740,104.740,104.740,10.00,11328.00
2003/06/27,14:44,104.740,104.740,104.738,104.738,86.00,91088.00
2003/06/27,14:45,104.737,104.737,104.737,104.737,16.00,18112.00
2003/06/27,14:46,104.737,104.737,104.737,104.737,0.00,0.00
2003/06/27,14:47,104.736,104.736,104.730,104.730,18.00,19680.00
2003/06/27,14:48,104.728,104.728,104.728,104.728,68.00,78080.00
2003/06/27,14:49,104.729,104.729,104.729,104.729,1500.00,1604848.00
2003/06/27,14:50,104.726,104.726,104.725,104.725,116.00,129184.00
2003/06/27,14:51,104.725,104.725,104.725,104.725,200.00,216512.00
2003/06/27,14:52,104.725,104.725,104.715,104.715,80.00,89216.00
2003/06/27,14:53,104.715,104.716,104.710,104.716,84.00,89888.00
2003/06/27,14:54,104.716,104.716,104.716,104.716,22.00,24896.00
2003/06/27,14:55,104.716,104.720,104.716,104.720,72.00,77152.00
2003/06/27,14:56,104.720,104.720,104.720,104.720,64.00,70992.00
2003/06/27,14:57,104.719,104.725,104.719,104.725,154.00,163024.00
2003/06/27,14:58,104.725,104.725,104.725,104.725,24.00,26240.00
2003/06/27,14:59,104.725,104.730,104.725,104.730,34.00,36960.00
2003/06/27,15:00,104.730,104.750,104.730,104.750,4.00,4304.00
2003/06/30,09:31,104.750,104.750,104.718,104.718,314.00,341831.00
2003/06/30,09:32,104.714,104.714,104.714,104.714,16.00,18863.00
2003/06/30,09:33,104.714,104.714,104.714,104.714,0.00,0.00
2003/06/30,09:34,104.714,104.714,104.714,104.714,0.00,0.00
2003/06/30,09:35,104.714,104.714,104.714,104.714,0.00,0.00
2003/06/30,09:36,104.714,104.714,104.714,104.714,0.00,0.00
2003/06/30,09:37,104.712,104.712,104.712,104.712,2.00,2088.00
2003/06/30,09:38,104.712,104.712,104.712,104.712,0.00,0.00
2003/06/30,09:39,104.709,104.709,104.709,104.709,294.00,326634.00
2003/06/30,09:40,104.709,104.709,104.709,104.709,0.00,0.00
2003/06/30,09:41,104.713,104.713,104.713,104.713,130000.00,139100000.00
2003/06/30,09:42,104.719,104.719,104.719,104.719,204766.00,217359296.00
2003/06/30,09:43,104.719,104.719,104.719,104.719,128.00,134784.00
2003/06/30,09:44,104.710,104.710,104.710,104.710,20000.00,20866016.00
2003/06/30,09:45,104.710,104.710,104.710,104.710,0.00,0.00
2003/06/30,09:46,104.710,104.710,104.710,104.710,22.00,23776.00
2003/06/30,09:47,104.710,104.710,104.708,104.708,280.00,315584.00
2003/06/30,09:48,104.708,104.708,104.708,104.708,0.00,0.00
2003/06/30,09:49,104.708,104.708,104.708,104.708,0.00,0.00
2003/06/30,09:50,104.708,104.708,104.708,104.708,0.00,0.00
2003/06/30,09:51,104.708,104.708,104.708,104.708,0.00,0.00
2003/06/30,09:52,104.712,104.712,104.712,104.712,500.00,546496.00
2003/06/30,09:53,104.712,104.712,104.706,104.706,138.00,150144.00
2003/06/30,09:54,104.706,104.706,104.706,104.706,0.00,0.00
2003/06/30,09:55,104.709,104.709,104.709,104.709,50.00,55584.00
2003/06/30,09:56,104.709,104.709,104.709,104.709,0.00,0.00
2003/06/30,09:57,104.709,104.709,104.709,104.709,0.00,0.00
2003/06/30,09:58,104.709,104.709,104.709,104.709,10000.00,10700000.00
2003/06/30,09:59,104.709,104.709,104.709,104.709,0.00,0.00
2003/06/30,10:00,104.709,104.709,104.709,104.709,0.00,0.00
2003/06/30,10:01,104.708,104.708,104.708,104.708,46.00,49056.00
2003/06/30,10:02,104.708,104.708,104.708,104.708,0.00,0.00
2003/06/30,10:03,104.710,104.710,104.710,104.710,16.00,17216.00
2003/06/30,10:04,104.710,104.710,104.710,104.710,0.00,0.00
2003/06/30,10:05,104.710,104.710,104.710,104.710,48.00,51488.00
2003/06/30,10:06,104.708,104.708,104.708,104.708,10.00,10688.00
2003/06/30,10:07,104.709,104.710,104.709,104.710,62.00,69600.00
2003/06/30,10:08,104.710,104.710,104.710,104.710,8.00,7552.00
2003/06/30,10:09,104.710,104.710,104.710,104.710,0.00,0.00
2003/06/30,10:10,104.704,104.710,104.704,104.710,90.00,96256.00
2003/06/30,10:11,104.710,104.710,104.710,104.710,4.00,5344.00
2003/06/30,10:12,104.704,104.704,104.704,104.704,50.00,53408.00
2003/06/30,10:13,104.702,104.702,104.702,104.702,130.00,141504.00
2003/06/30,10:14,104.702,104.702,104.702,104.702,0.00,0.00
2003/06/30,10:15,104.702,104.702,104.702,104.702,0.00,0.00
2003/06/30,10:16,104.703,104.703,104.702,104.702,150.00,158880.00
2003/06/30,10:17,104.702,104.702,104.702,104.702,0.00,0.00
2003/06/30,10:18,104.702,104.702,104.702,104.702,54.00,68256.00
2003/06/30,10:19,104.704,104.704,104.704,104.704,50.00,55552.00
2003/06/30,10:20,104.704,104.704,104.703,104.703,56.00,60896.00
2003/06/30,10:21,104.705,104.705,104.705,104.705,116.00,129152.00
2003/06/30,10:22,104.702,104.702,104.702,104.702,18.00,20320.00
2003/06/30,10:23,104.702,104.702,104.702,104.702,62.00,67680.00
2003/06/30,10:24,104.702,104.702,104.702,104.702,60.00,66688.00
2003/06/30,10:25,104.702,104.702,104.702,104.702,20.00,22144.00
2003/06/30,10:26,104.702,104.702,104.702,104.702,10.00,9984.00
2003/06/30,10:27,104.702,104.702,104.702,104.702,0.00,0.00
2003/06/30,10:28,104.702,104.702,104.702,104.702,0.00,0.00
2003/06/30,10:29,104.702,104.702,104.702,104.702,0.00,0.00
2003/06/30,10:30,104.702,104.702,104.702,104.702,0.00,0.00
2003/06/30,10:31,104.703,104.703,104.703,104.703,38.00,41696.00
2003/06/30,10:32,104.703,104.703,104.693,104.693,14.00,15424.00
2003/06/30,10:33,104.693,104.693,104.693,104.693,0.00,0.00
2003/06/30,10:34,104.693,104.693,104.693,104.693,58.00,61792.00
2003/06/30,10:35,104.693,104.693,104.693,104.693,0.00,0.00
2003/06/30,10:36,104.693,104.693,104.693,104.693,0.00,0.00
2003/06/30,10:37,104.693,104.693,104.693,104.693,32.00,34816.00
2003/06/30,10:38,104.689,104.689,104.689,104.689,42.00,46528.00
2003/06/30,10:39,104.688,104.688,104.688,104.688,16.00,16416.00
2003/06/30,10:40,104.688,104.688,104.688,104.688,0.00,0.00
2003/06/30,10:41,104.688,104.688,104.688,104.688,12.00,13792.00
2003/06/30,10:42,104.688,104.688,104.686,104.686,60.00,63584.00
2003/06/30,10:43,104.686,104.686,104.686,104.686,2.00,3200.00
2003/06/30,10:44,104.686,104.686,104.686,104.686,20.00,22656.00
2003/06/30,10:45,104.686,104.686,104.686,104.686,0.00,0.00
2003/06/30,10:46,104.686,104.686,104.686,104.686,8.00,7904.00
2003/06/30,10:47,104.687,104.687,104.687,104.687,972.00,1042688.00
2003/06/30,10:48,104.687,104.687,104.676,104.677,124.00,134080.00
2003/06/30,10:49,104.677,104.677,104.676,104.676,106.00,112736.00
2003/06/30,10:50,104.678,104.678,104.678,104.678,50.00,55168.00
2003/06/30,10:51,104.676,104.676,104.676,104.676,2.00,2080.00
2003/06/30,10:52,104.676,104.677,104.676,104.677,6.00,6688.00
2003/06/30,10:53,104.677,104.677,104.677,104.677,4.00,3296.00
2003/06/30,10:54,104.678,104.678,104.678,104.678,20.00,21184.00
2003/06/30,10:55,104.678,104.680,104.678,104.680,116.00,128864.00
2003/06/30,10:56,104.680,104.680,104.680,104.680,0.00,0.00
2003/06/30,10:57,104.681,104.681,104.681,104.681,36.00,39552.00
2003/06/30,10:58,104.681,104.681,104.677,104.677,54.00,57440.00
2003/06/30,10:59,104.677,104.677,104.677,104.677,8.00,9984.00
2003/06/30,11:00,104.677,104.677,104.677,104.677,4.00,4448.00
2003/06/30,11:01,104.677,104.677,104.677,104.677,18.00,18784.00
2003/06/30,11:02,104.677,104.677,104.677,104.677,60.00,64160.00
2003/06/30,11:03,104.677,104.677,104.677,104.677,18.00,19360.00
2003/06/30,11:04,104.674,104.674,104.674,104.674,16.00,16672.00
2003/06/30,11:05,104.674,104.674,104.674,104.674,20.00,21536.00
2003/06/30,11:06,104.662,104.662,104.662,104.662,42.00,46208.00
2003/06/30,11:07,104.662,104.662,104.662,104.662,0.00,0.00
2003/06/30,11:08,104.670,104.670,104.670,104.670,502.00,524256.00
2003/06/30,11:09,104.672,104.672,104.671,104.671,110.00,117152.00
2003/06/30,11:10,104.671,104.671,104.671,104.671,0.00,0.00
2003/06/30,11:11,104.669,104.669,104.669,104.669,180.00,199424.00
2003/06/30,11:12,104.669,104.669,104.669,104.669,0.00,0.00
2003/06/30,11:13,104.669,104.669,104.669,104.669,0.00,0.00
2003/06/30,11:14,104.665,104.665,104.665,104.665,54.00,56928.00
2003/06/30,11:15,104.665,104.665,104.665,104.665,10.00,10432.00
2003/06/30,11:16,104.665,104.665,104.665,104.665,4.00,5280.00
2003/06/30,11:17,104.665,104.665,104.665,104.665,54.00,56992.00
2003/06/30,11:18,104.669,104.669,104.669,104.669,6.00,7776.00
2003/06/30,11:19,104.669,104.669,104.669,104.669,10.00,10592.00
2003/06/30,11:20,104.669,104.669,104.669,104.669,0.00,0.00
2003/06/30,11:21,104.673,104.673,104.673,104.673,10.00,10752.00
2003/06/30,11:22,104.673,104.673,104.672,104.672,60.00,62464.00
2003/06/30,11:23,104.672,104.676,104.672,104.676,16.00,17152.00
2003/06/30,11:24,104.675,104.675,104.675,104.675,10.00,10912.00
2003/06/30,11:25,104.675,104.675,104.675,104.675,48.00,51936.00
2003/06/30,11:26,104.675,104.675,104.675,104.675,2.00,1024.00
2003/06/30,11:27,104.675,104.675,104.675,104.675,0.00,0.00
2003/06/30,11:28,104.675,104.675,104.675,104.675,4.00,4384.00
2003/06/30,11:29,104.675,104.675,104.675,104.675,0.00,0.00
2003/06/30,11:30,104.675,104.675,104.675,104.675,64.00,72224.00
2003/06/30,13:01,104.675,104.675,104.675,104.675,28.00,30272.00
2003/06/30,13:02,104.675,104.675,104.675,104.675,4.00,4160.00
2003/06/30,13:03,104.675,104.675,104.675,104.675,0.00,0.00
2003/06/30,13:04,104.673,104.673,104.669,104.669,338.00,355712.00
2003/06/30,13:05,104.669,104.669,104.669,104.669,0.00,0.00
2003/06/30,13:06,104.669,104.669,104.669,104.669,0.00,0.00
2003/06/30,13:07,104.669,104.669,104.669,104.669,0.00,0.00
2003/06/30,13:08,104.669,104.669,104.669,104.669,0.00,0.00
2003/06/30,13:09,104.669,104.669,104.669,104.669,6.00,5344.00
2003/06/30,13:10,104.666,104.666,104.666,104.666,28.00,30016.00
2003/06/30,13:11,104.666,104.666,104.666,104.666,18.00,19328.00
2003/06/30,13:12,104.665,104.665,104.665,104.665,8.00,8544.00
2003/06/30,13:13,104.665,104.665,104.665,104.665,70.00,77408.00
2003/06/30,13:14,104.671,104.671,104.670,104.670,400.00,430496.00
2003/06/30,13:15,104.670,104.670,104.670,104.670,64.00,68672.00
2003/06/30,13:16,104.670,104.671,104.670,104.671,276.00,289792.00
2003/06/30,13:17,104.672,104.672,104.672,104.672,32.00,33216.00
2003/06/30,13:18,104.672,104.672,104.672,104.672,102.00,109440.00
2003/06/30,13:19,104.672,104.672,104.672,104.672,0.00,0.00
2003/06/30,13:20,104.678,104.678,104.671,104.671,5078.00,5297632.00
2003/06/30,13:21,104.671,104.671,104.671,104.671,0.00,0.00
2003/06/30,13:22,104.673,104.673,104.673,104.673,6.00,6592.00
2003/06/30,13:23,104.685,104.685,104.685,104.685,20.00,21536.00
2003/06/30,13:24,104.685,104.685,104.685,104.685,0.00,0.00
2003/06/30,13:25,104.685,104.685,104.685,104.685,0.00,0.00
2003/06/30,13:26,104.679,104.679,104.679,104.679,20.00,21184.00
2003/06/30,13:27,104.679,104.679,104.677,104.677,34.00,38624.00
2003/06/30,13:28,104.677,104.677,104.677,104.677,6.00,5536.00
2003/06/30,13:29,104.677,104.677,104.677,104.677,22.00,25568.00
2003/06/30,13:30,104.673,104.673,104.673,104.673,64.00,72544.00
2003/06/30,13:31,104.673,104.673,104.673,104.673,0.00,0.00
2003/06/30,13:32,104.673,104.673,104.673,104.673,0.00,0.00
2003/06/30,13:33,104.673,104.673,104.673,104.673,12.00,11776.00
2003/06/30,13:34,104.673,104.673,104.673,104.673,0.00,0.00
2003/06/30,13:35,104.673,104.673,104.673,104.673,18.00,21120.00
2003/06/30,13:36,104.673,104.673,104.673,104.673,0.00,0.00
2003/06/30,13:37,104.673,104.673,104.671,104.671,24.00,26432.00
2003/06/30,13:38,104.671,104.671,104.671,104.671,18.00,18496.00
2003/06/30,13:39,104.674,104.674,104.674,104.674,2.00,3392.00
2003/06/30,13:40,104.675,104.675,104.675,104.675,2.00,2304.00
2003/06/30,13:41,104.673,104.673,104.673,104.673,1006.00,1153696.00
2003/06/30,13:42,104.674,104.674,104.674,104.674,36.00,40000.00
2003/06/30,13:43,104.674,104.674,104.674,104.674,30.00,32000.00
2003/06/30,13:44,104.672,104.672,104.672,104.672,2000.00,2293472.00
2003/06/30,13:45,104.672,104.672,104.672,104.672,0.00,0.00
2003/06/30,13:46,104.672,104.672,104.672,104.672,32.00,34240.00
2003/06/30,13:47,104.672,104.698,104.672,104.698,174.00,180672.00
2003/06/30,13:48,104.701,104.707,104.701,104.707,3018.00,3462656.00
2003/06/30,13:49,104.707,104.707,104.707,104.707,0.00,0.00
2003/06/30,13:50,104.704,104.704,104.704,104.704,42.00,43456.00
2003/06/30,13:51,104.704,104.704,104.704,104.704,12.00,13984.00
2003/06/30,13:52,104.704,104.704,104.704,104.704,0.00,0.00
2003/06/30,13:53,104.702,104.702,104.702,104.702,42.00,43424.00
2003/06/30,13:54,104.702,104.702,104.702,104.702,2.00,3136.00
2003/06/30,13:55,104.702,104.702,104.702,104.702,0.00,0.00
2003/06/30,13:56,104.702,104.702,104.702,104.702,4.00,4192.00
2003/06/30,13:57,104.702,104.702,104.702,104.702,1000.00,1069280.00
2003/06/30,13:58,104.702,104.702,104.702,104.702,100.00,106944.00
2003/06/30,13:59,104.702,104.702,104.702,104.702,6.00,5216.00
2003/06/30,14:00,104.702,104.702,104.702,104.702,0.00,0.00
2003/06/30,14:01,104.702,104.702,104.702,104.702,0.00,0.00
2003/06/30,14:02,104.702,104.702,104.702,104.702,30.00,32064.00
2003/06/30,14:03,104.702,104.702,104.702,104.702,18.00,19232.00
2003/06/30,14:04,104.701,104.701,104.701,104.701,2.00,2144.00
2003/06/30,14:05,104.701,104.701,104.701,104.701,0.00,0.00
2003/06/30,14:06,104.701,104.701,104.701,104.701,4.00,5408.00
2003/06/30,14:07,104.702,104.702,104.702,104.702,24.00,25024.00
2003/06/30,14:08,104.699,104.699,104.699,104.699,52.00,57920.00
2003/06/30,14:09,104.699,104.699,104.698,104.698,64.00,67776.00
2003/06/30,14:10,104.698,104.698,104.698,104.698,0.00,0.00
2003/06/30,14:11,104.695,104.701,104.695,104.701,14.00,15840.00
2003/06/30,14:12,104.701,104.701,104.701,104.701,0.00,0.00
2003/06/30,14:13,104.701,104.701,104.691,104.691,134.00,145120.00
2003/06/30,14:14,104.692,104.692,104.692,104.692,2.00,1088.00
2003/06/30,14:15,104.692,104.692,104.692,104.692,0.00,0.00
2003/06/30,14:16,104.692,104.692,104.692,104.692,0.00,0.00
2003/06/30,14:17,104.692,104.692,104.692,104.692,0.00,0.00
2003/06/30,14:18,104.691,104.691,104.691,104.691,100.00,105760.00
2003/06/30,14:19,104.691,104.691,104.691,104.691,10.00,10592.00
2003/06/30,14:20,104.693,104.693,104.693,104.693,30.00,33248.00
2003/06/30,14:21,104.693,104.693,104.693,104.693,0.00,0.00
2003/06/30,14:22,104.693,104.693,104.693,104.693,0.00,0.00
2003/06/30,14:23,104.693,104.693,104.693,104.693,4.00,3232.00
2003/06/30,14:24,104.693,104.693,104.693,104.693,0.00,0.00
2003/06/30,14:25,104.693,104.693,104.693,104.693,0.00,0.00
2003/06/30,14:26,104.693,104.693,104.693,104.693,6.00,7488.00
2003/06/30,14:27,104.692,104.692,104.692,104.692,22.00,22848.00
2003/06/30,14:28,104.693,104.693,104.693,104.693,56.00,62944.00
2003/06/30,14:29,104.693,104.693,104.693,104.693,0.00,0.00
2003/06/30,14:30,104.690,104.690,104.690,104.690,26.00,28224.00
2003/06/30,14:31,104.690,104.690,104.690,104.690,10.00,10496.00
2003/06/30,14:32,104.690,104.690,104.690,104.690,4.00,5216.00
2003/06/30,14:33,104.691,104.691,104.691,104.691,90.00,96288.00
2003/06/30,14:34,104.691,104.691,104.691,104.691,0.00,0.00
2003/06/30,14:35,104.691,104.691,104.691,104.691,10.00,10720.00
2003/06/30,14:36,104.691,104.691,104.691,104.691,8.00,8608.00
2003/06/30,14:37,104.691,104.691,104.691,104.691,0.00,0.00
2003/06/30,14:38,104.691,104.691,104.691,104.691,14.00,14816.00
2003/06/30,14:39,104.690,104.690,104.690,104.690,38.00,44064.00
2003/06/30,14:40,104.690,104.690,104.690,104.690,0.00,0.00
2003/06/30,14:41,104.690,104.692,104.690,104.692,16.00,17184.00
2003/06/30,14:42,104.699,104.699,104.699,104.699,70.00,77056.00
2003/06/30,14:43,104.699,104.699,104.699,104.699,24.00,25536.00
2003/06/30,14:44,104.710,104.710,104.710,104.710,22.00,24768.00
2003/06/30,14:45,104.709,104.709,104.709,104.709,10.00,10688.00
2003/06/30,14:46,104.696,104.696,104.696,104.696,54.00,58048.00
2003/06/30,14:47,104.704,104.704,104.704,104.704,256.00,273696.00
2003/06/30,14:48,104.704,104.706,104.704,104.706,68.00,74880.00
2003/06/30,14:49,104.704,104.704,104.704,104.704,40.00,41664.00
2003/06/30,14:50,104.702,104.702,104.702,104.702,14.00,15776.00
2003/06/30,14:51,104.702,104.703,104.702,104.703,46.00,49280.00
2003/06/30,14:52,104.703,104.703,104.703,104.703,2.00,1056.00
2003/06/30,14:53,104.703,104.703,104.676,104.676,104.00,115232.00
2003/06/30,14:54,104.676,104.676,104.676,104.676,30.00,34400.00
2003/06/30,14:55,104.677,104.677,104.676,104.676,178.00,193504.00
2003/06/30,14:56,104.676,104.676,104.676,104.676,0.00,0.00
2003/06/30,14:57,104.678,104.678,104.678,104.678,58.00,65408.00
2003/06/30,14:58,104.678,104.679,104.678,104.679,18.00,19136.00
2003/06/30,14:59,104.679,104.679,104.676,104.676,32.00,35424.00
2003/06/30,15:00,104.669,104.669,104.669,104.669,86.00,93952.00
